trans_source,trans_date,trans_description,trans_amount,trans_hash
AmazonPurchases,2026-06-27,"Health & Household|Water Bottle Brush, 15 Inches Long Stainless Steel Handle Bottle Brush Clea",-9.99,5380af7d171cee8dbb323d39b419d7cc1adb24c8c5e753be03650bf13213fa6f
AmazonPurchases,2026-06-23,"Health & Household|Amazon Basics 2-Ply Soft Toilet Paper, 6 Rolls, 350 Sheets per Roll, Equiva",-5.35,95fdb58e9bbfdd1bf7263fc229299bbe1854385c3015b4711e5f41aedfa65974
AmazonPurchases,2026-06-23,"Health & Household|Affresh Washing Machine Cleaner, Helps Power Away Odor Causing Bacteria & G",-9.99,5f586f074c0cddfcef7fef2427a1a7fdcb9596c6caea4df3b4f8d6cb444267ab
AmazonPurchases,2026-06-23,"Health & Household|Scotch-Brite Zero Scratch Scrub Sponge, 9 Kitchen Sponges for Cleaning Arou",-7.4,cbf84c83a85388b0c0256af46f287b823981787c08b6c8c33e76844628448853
AmazonPurchases,2026-06-23,"Health & Household|Amazon Basics Heavy Duty Aluminum Foil for Cooking, Grilling, Food Storage,",-8.7,be6ea818f8923f2b6c12c3612716d818ad219286aa6cbb39c4ace781f5c52277
AmazonPurchases,2026-06-23,"Electronics|Apple EarPods Headphones with USB-C Plug, Wired Ear Buds with Built-in Remo",-19.0,656877e180ba1a968d7c95489e66d49d1ebacfe1fbd0b86de26e27bfc79a3b0d
AmazonPurchases,2026-06-23,"Home & Kitchen|Amazon Basics Non-Stick Parchment Paper for Baking, Cooking, Oven Safe, 15 ",-5.47,934635697f3b2e619838d741b9e7faca696bb1c074da5e301d7856b2cbea7996
AmazonPurchases,2026-06-23,"Health & Household|Mr. Clean Magic Eraser Sponge, All Purpose Cleaner, Cleaning Scrubber, Wall",-5.39,be5dba889caf0cb4355c1227ec7c3da18e93b018def4004a6dbb527ad236898c
AmazonPurchases,2026-06-23,"Industrial & Scientific|Puracy Stain Remover Pen Stain Stick, Travel and Laundry Stain Cleaner for ",-5.99,ca7511fffb055e0545a574a12ba12fac7a06ae05c62b8a26b9aeabb6b633a021
AmazonPurchases,2026-06-23,Health & Household|KIK 8635042 Pure Bright Ultra Bleach 1 Gal White,-13.74,a6ea4b3e04c97e19ba333175ca3d9e557892722789428ba7e51f404fde82c6aa
AmazonPurchases,2026-06-20,"Electronics|Logitech Lift Vertical Ergonomic Mouse, Wireless, Bluetooth or Logi Bolt US",-58.99,83aea53ed7364ace59651542b68f90822efbad14f3edf720a81b04b90af2abaf
AmazonPurchases,2026-06-10,"Tools & Home Improvement|First Alert Combination Smoke & Carbon Monoxide Alarm, Battery Operated Det",-121.97,829d4963684b4f042a124350b3915ef8470397331e1004c7e326b66af6947fe6
AmazonPurchases,2026-06-10,"Tools & Home Improvement|First Alert Combination Smoke & Carbon Monoxide Alarm, Battery Operated Det",-39.99,a239b0d798f14543aa8324c930a5a1793cbbab2bba033c242070b708197b8237
AmazonPurchases,2026-05-30,"Electronics|NEEWER Basics NL-60AI Selfie Light for Phone with Front & Back Clip, 60 LED",-28.99,7928c8bf69147e539d57f5e97aa638f3e92df18a465aafc193dc96ac4d05b1f0
AmazonPurchases,2026-05-30,"Electronics|EUCOS 63"" Magsafe Tripod, Tripod for iPhone & Magnetic Selfie Stick Tripod ",-25.99,e0f1c90c030c8ae52ea68ec6d47d6c07ce8177a5f68f2483673fa1076c1539d9
AmazonPurchases,2026-05-30,"Musical Instruments|Wireless Mini Microphone for iPhone, Android - 2 Pack Lavalier Microphone f",-24.99,bfea80870282225e422c2f7a13fbf19034501c53fa0f2240127924350efd0531
AmazonPurchases,2026-05-30,Cell Phones & Accessories|OCTOBUDDY Classic - Silicone Suction Phone Case Adhesive Mount - Hands-Free,-14.99,3e6b131cbaf621dc4768a4f29c025b91921b8445e18601b8d3f72f1509dff5c1
AmazonPurchases,2026-05-28,"Patio, Lawn & Garden|74"" Shepherds Hook Stand for Plant: Hanging Bird Feeders, Plants, Lanterns,",-59.99,3d02af3fd6e13e99c1e20715f7c307ff6b18a394f176587e8a952fe1764b7b3e
AmazonPurchases,2026-05-28,"Patio, Lawn & Garden|Garbuildman Squirrel Baffle for Bird Feeder Pole, Outside Pole Mount Bird H",-31.99,18adc7ab137f8341556951087303855423c68d3b84bb5313e162068038a61ff1
AmazonPurchases,2026-05-12,Books|The Oxford English Grammar,-14.9,785e405b418283f807dab219fe719fd39adc676e639f87a9419178c3254edb01
AmazonPurchases,2026-05-11,Grocery & Gourmet Food|Goodles Shella Good Aged White Cheddar and Shells Pasta - Nutrient Packed w,-2.98,536256a0a35b06199c46d3939a3875e7c0ea5fdeb2120cd2208e54abcbb5b473
AmazonPurchases,2026-05-11,Grocery & Gourmet Food|Goodles Cheddy Mac Creamy Cheddar and Macaroni Pasta - Nutrient Packed with,-2.98,b97c413e54fad61b8777ab3eaeb1ba06556c8a2010bd1dc9a6d450d668d4a6a7
AmazonPurchases,2026-05-11,"Grocery & Gourmet Food|Kooshy Panko Italian Style Breadcrumbs | Vegan, Dairy Free, & Kosher Certif",-12.99,fa6a3fc91ed21ab864bd128c83ffbd4812185e451a0a91a91a5a520b08d3c45f
AmazonPurchases,2026-05-11,"Grocery & Gourmet Food|Kooshy Croutons | Italian Sourdough Bread with Sea Salt, Garlic, Basil, & P",-13.47,e48cc852d3b2580f76333a1d5f1622649adfbede5c5cb55c8afea1561bd5f7ad
AmazonPurchases,2026-05-06,"Patio, Lawn & Garden|Squirrel Proof Bird Feeder - 360° Feeding Perch Tray for Outdoor Hanging Wi",-27.99,be66ca30dcb198a3a38af88792a673ec7e59448be2018bd6f7ded4db8823ed8a
AmazonPurchases,2026-05-06,"Pet Supplies|eWonLife Hummingbird Feeders for Outdoors, 2 Pack 16 oz Leak-Proof Dish-Sty",-13.96,a07634e84c3cb4c748a84c26d17ef2017172f734b9d1bc410071d6cefe082348
AmazonPurchases,2026-05-06,"Patio, Lawn & Garden|Squirrel Buster Classic Squirrel-proof Bird Feeder w/4 Feeding Ports, 2.4-p",-78.01,57b865947ef4e354674b44b8ab88ec697269fd046aa2b385a9ceb92ba4e14c7d
AmazonPurchases,2026-05-04,"Health & Household|Reure High Fidelity Concert Ear Plugs, Noise Cancelling Silicone Ear Plugs ",-9.99,9d778167a586b9c75ce4c37cb854ccba66beccad05a4ee5d081b9228e8938b46
AmazonPurchases,2026-04-26,"Health & Household|Oral-B Electric Toothbrush Replacement Brush Heads, Precision Clean, White,",-27.99,b1f671f39fb02eb87f4aead9f9bb0706ec2e6e3543ceadca0ed9ad056e058dac
AmazonPurchases,2026-04-19,"Industrial & Scientific|DIYMAG 6 Pack Strong Magnets with Double Sided Adhesive Backing, 1.26""x0.12",-8.99,49ab82ee591638631291bc3907c7381ce09e451a5e37ecc6fb9df0677e3f049e
AmazonPurchases,2026-04-19,Books|A Mason & Dixon Companion,-30.95,d0b4ef67132ab25d67c7ec53ef1d9710ae676cf1217694ef028360427ba2274c
AmazonPurchases,2026-04-08,Electronics|ASURION 2 Year Floorcare Extended Protection Plan ($30 - $39.99),-3.99,be958d27f32e9c086c53048d629ca7dff70209e38de2b16b606a3ba8bfec080a
AmazonPurchases,2026-04-08,"Home & Kitchen|JONYJ Handheld Vacuum Cordless, 16000PA Strong Suction Hand Held Car Vacuum",-39.99,6ace33677b66922d2fe853abc01bb9b336292589787c7c2bbac88c5ee9c3880e
AmazonPurchases,2026-04-08,"Home & Kitchen|Steelcase Series 1 Work Office Chair - Licorice, Hard Floor Casters",-590.72,b68e1e9de3208cd4265541866a757c814573c6b87d91c76e676403753e36ba26
AmazonPurchases,2026-04-08,"Patio, Lawn & Garden|Suncast Small Outdoor Storage Box - 22 Gallon Java Resin Outdoor Deck Box, ",-54.0,c436bf6dde38c0e6a94bd56d5e4324e6d8051de5c6a688df31d03f6ac3d1769f
AmazonPurchases,2026-03-29,"Grocery & Gourmet Food|Sweet Haven Fruity Chewy Mix Candy- Mango,Wild Berry,Tart Berry - 28.2 oz",-8.9,e85bd6ee9d9a88e7dee90d0813d9cbc2a3f12c36428c1a02b819969bce8c2040
AmazonPurchases,2026-03-16,Books|THE ARABIAN NIGHTS ENTERTAINMENT: THE BOOK OF THE THOUSAND NIGHTS AND A NIG,-79.0,d1d988a53f5e0ae23d9e0b6c4a6aefa7aa10fe6b4e09987708628abff683d0bb
AmazonPurchases,2026-03-16,"Clothing, Shoes & Jewelry|lifpoivake Men's Renaissance Pirate Medieval Vest Cosplay Waistcoat(XL,2022",-23.99,2cb438b118c41e881ddfa07023d23c545d5630d4d9060db6ed68a9d0055cd506
AmazonPurchases,2026-03-11,"Pet Supplies|dreamysoul Metal Bird Bath for Outside, Birdbaths Outdoors with Planter and",-48.99,67e2917b7cfe4e1cacbb2582dc00c1a1975e9473f16dd5ef04f004933d77d72d
AmazonPurchases,2026-03-11,"Patio, Lawn & Garden|Kingsyard Platform Mealworm Bird Feeder for Outside, Recycled Plastic Hangi",-26.99,abafe875b7e18a0e78051c0d14e7196ff8e037a91517077e3da29139256e441b
AmazonPurchases,2026-03-07,"Health & Household|Glad ForceFlex Tall Kitchen Trash Bags, 13 Gallon, Gain Original, 140 Count",-19.62,530161ed50b46d37adfb0b2afa82adbbba96731035f9e16b2f457adefebacd29
AmazonPurchases,2026-03-05,"Health & Household|Biotrue Contact Solution, Multi-Purpose Solution with Lens Case, Cleans, Co",-16.99,8ddcf0e4a6ec4352f3a6cf7e8bf0a7492629fd21a9e1c88be33b7955fded478c
AmazonPurchases,2026-03-05,"Health & Household|Biotrue Contact Solution, Multi-Purpose Lens Solution for Soft Lenses, Clea",-13.92,8368a82af7ec6f57b7396498dedaebc262415664910a96f0ac31cd380c44f4ce
AmazonPurchases,2026-03-01,"Electronics|2 Pack TF Card 32GB with Adapter, High Speed Memory Card, UHS-I C10 A1 Memo",-16.99,74b8e82dad99bfc6d0b8bde5b5548c5c003fbf6d315c267214c2e216e7bfff02
AmazonPurchases,2026-03-01,"Electronics|Silkland 8K 4K Micro HDMI to HDMI Cable 6.6ft, Micro HDMI 2.1 Adapter [8K@6",-11.99,0996a6ca4b60ea0400c8c3e4cb1c9fbf99f43b0d382f9361790cc9634e0d627b
AmazonPurchases,2026-03-01,"Health & Household|Kleenex Ultra Soft Facial Tissues, 8 Cube Boxes, 80 Tissues per Box, 3-Ply,",-17.98,1010c088d8c662dd6af24be358716726347db69b835838cf63f9d5ad6a2b4960
AmazonPurchases,2026-03-01,"Health & Household|Amazon Basics 2-Ply Flex-Sheets Paper Towels, 12 Basics Rolls = 40 Regular ",-22.86,0991889491ba0368749e29cb0e2c3f3b6728202e1d7687a3a6d71ff6e1251f53
AmazonPurchases,2026-02-22,"|Google Chromecast - Streaming Device with HDMI Cable - Stream Shows, Music,",-89.99,f3684788473abb8f4aa29daaf423a2a646fed73870bf945c389dff61df0e81d7
AmazonPurchases,2026-02-20,"Patio, Lawn & Garden|LEKEEPGO Door Mat 24""x36"", Non Slip Door Mat Indoor Entrance, Rubber Backin",-32.79,ec7986dea1049b07951dcaa8e1bc0b515a85e4be272a8accac958b55bab961e6
AmazonPurchases,2026-02-20,Tools & Home Improvement|Filterbuy 16x25x1 Air Filter MERV 13 Optimal Smoke & Allergy Defense (2-Pac,-35.98,846aa62b1dafa2a21b26bbe4b999bf6d28aadbf2bf3ea34d0aa330c1588722c7
AmazonPurchases,2026-02-20,"Kitchen & Dining|De'Longhi EcoDecalk Descaler, Universal Descaling Solution for Coffee & Esp",-18.89,b1ad008c29bce078975e0255fe108321c23395fd5a2761f8c42410ce2fe87eae
AmazonPurchases,2026-02-20,"Patio, Lawn & Garden|TERRO T300-3SR Liquid Ant Killer – 3 Pack Terro Liquid Ant Baits",-22.27,d5eddf2de4ad3a2d4505ba8253d45ba6907f847d16e01784f135ef857d1e8f88
AmazonPurchases,2026-02-01,"Clothing, Shoes & Jewelry|adidas unisex-adult Adilette Aqua Slides Black/Black/Black 12",-20.0,0f7fbe7e6e762858e4c60283819c5d475020b52927c733602d2fe95e308a61d5
AmazonPurchases,2026-01-31,"Health & Household|Amazon Basics 30 Gallon Multipurpose Drawstring Trash Bags, 20% Post Consum",-9.77,bf0d4788b686907acd7913eb7b2b37a97f1f7569d72c4c0b0788e385da878cdc
AmazonPurchases,2026-01-31,Books|Alice's Adventures in Wonderland and Through the Looking Glass (Masterpiece,-16.77,2ebc0f2da30a2578ffa32012f4e16d5721871340911441880d774f10717415ac
AmazonPurchases,2026-01-27,"Sports & Outdoors|UREVO Strol 2E Smart 2-in-1 Folding Treadmill, Compact Walking Pad with Saf",-199.99,e21ff943dc4e8840186579b320573c65349e19a45f270c8289539bab8afa54eb
AmazonPurchases,2026-01-27,"Sports & Outdoors|UREVO Strol 2E Smart 2-in-1 Folding Treadmill, Compact Walking Pad with Saf",-199.99,fcfebbf31f31940b03f901ca8fe6c909578522fb1471b282a1563255f1c28aab
AmazonPurchases,2026-01-26,"Patio, Lawn & Garden|VICTORY RELAX Acacia Wood Round Table, Foldable Waterproof Large, Collapsib",-72.99,bba4ee464a6b02e09541afaab57cadcfb05c4a8425f0166d7a8f2e7490769055
AmazonPurchases,2026-01-26,"Patio, Lawn & Garden|ULTCOVER Patio Furniture Sofa Cover 74W x 35D x 35H inch Waterproof Outdoor",-45.99,0a3b0e8f50dbe39f60b49da3cd3ce5b8219a675e84b0a6004c9da14477f31ca6
AmazonPurchases,2026-01-26,"Grocery & Gourmet Food|Nespresso Capsules Original Line, Morning Lungo Blends Variety Pack, Mild t",-47.5,c4a89480e9243d8bb89820765e72f6a83c3530fceaaed4af790f136686777c2f
AmazonPurchases,2026-01-23,"Grocery & Gourmet Food|St. Dalfour Red Raspberry Fruit Spread - 10oz - 100% from Fruit, No Artific",-10.25,393e2c998b04db27dd09cd2e68ddd800047a268442d8384878609b81c7e5df2a
AmazonPurchases,2026-01-23,"Grocery & Gourmet Food|St. Dalfour Strawberry Fruit Spread - 10oz - 100% from Fruit, No Artificial",-17.07,b174cb49d0b5cfa4a0f7bb3ae8136d1f26d96d363d0deb4ca2d5ddf45ca49fc0
AmazonPurchases,2026-01-15,Tools & Home Improvement|Filterbuy 18x25x1 Air Filter MERV 13 Optimal Smoke & Allergy Defense (2-Pac,-49.62,cb52c20ef24896fd798805df73e396fa3365dbc5206024cf98ebde18a1808abe
AmazonPurchases,2026-06-21,|Good Time,-3.99,f35fc958ab3f8f5ffd1f5209363e33b79f8d1fec09ed33727f260c59234f43cc
AmazonPurchases,2026-05-22,|Chronicle,-2.99,d5d17ef6a1843ceea226476276956e24ae70132738c3b3b71a878a9a69caa25b
AmazonPurchases,2026-04-10,|Avatar: Fire and Ash - (Bonus X-Ray Edition),-19.99,0438f7cac762a8ba3391873678c0f5b81124bc713c6438646778c241fea18a23
AmazonPurchases,2026-02-22,|Sundance Now,-0.0,e58feee89e379012971a28c6ae3953040c14e1da8c780065965d6fd0523da521
AmazonPurchases,2026-02-12,|Shout! Factory TV,-2.99,1bbf6505802eba6f3d99e7ed00da0a0d2e742ecd7f3c5234fda65d2af4c39867
AmazonPurchases,2026-02-08,|A Killer Among Friends,-3.99,3957a4b57370bed9dbb65b7ad107f990c22e5d194eb5ae7de2a1439ab9009567
AmazonPurchases,2026-02-04,|Shout! Factory TV,-0.0,b549c4b4b55242d3371df5d3db27e6bcde1299a9fa5e0164b476e2e839f2b055
AmazonPurchases,2026-01-09,|Lifetime Movie Club,-49.99,378b425435b8dceeff2f618c69c1dcba8bbd831b131e7c7569790771d4718714
AmazonPurchases,2026-01-02,|Lifetime Movie Club,-0.0,a8afb091ef82d6e082eed6bd6d0bfb0d513d6f2416a735dae744f2268bd2fb9e
BOA_CC_BlueCard_5511,04/06/2026,GLF*STRAWBERRYFARMS IRVINE CA,-163.52,1e2e87554c2395d66b87d76627793fd5ef893f53465e5743528222bc240ed010
BOA_CC_BlueCard_5511,04/06/2026,OC FAIR PARKING COSTA MESA CA,-15.0,2cc2a519e6ef903e568a326fb107286003ef8c54795887f51040b4a009493d5a
BOA_CC_BlueCard_5511,04/06/2026,SQ *MELTY EGG NAGOYA Santa Ana CA,-15.0,96f5d8d1cdbd2d1bbabddf27f9bf24029c74baa1ef7534c75806e35b645365a2
BOA_CC_BlueCard_5511,04/06/2026,SQ *ONIGIRI BY HYUGA Santa Ana CA,-20.97,a453f4fcd74c1b3697fe0de96c8521211797b5c40384a86cd20fa1d71131e22d
BOA_CC_BlueCard_5511,04/06/2026,TRADER JOE S #111 IRVINE CA,-82.71,35156b532d54372abc25bb17a559a9604574ed053111e76c888edc56c98cb462
BOA_CC_BlueCard_5511,04/04/2026,PY *HomeShield Pest Contr714-7021058 CA,-75.0,709bf4194037dc7a1bb3a285d3322c1fad10809059e2aa91f7ee295db83c689f
BOA_CC_BlueCard_5511,04/01/2026,EB *OC JAPAN FAIR 2026 801-413-7200 CA,-39.96,ae4f0f8e703c0101a27f5051a69cc0b550e2059e82d18167a16358c47b4304a3
BOA_CC_BlueCard_5511,04/01/2026,REFAIR.COM* RENAISSANC RENFAIR.COM CO,-106.0,1e4933814ff828dc634e0202e1e222418a2b94eca5acdf28e2690ecfe8bceb75
BOA_CC_BlueCard_5511,04/01/2026,MOTHER'S MARKET & K IRVINE CA,-39.72,5f4272db7702c3606a6d59067ec82540eb9b051039021d17a581f348442d70d4
BOA_CC_BlueCard_5511,03/30/2026,MARSHALLS #0658 IRVINE CA,-53.83,c29be3b5986d4ceeb5c71e18e296712e6adcc89d92ac9ec423abc99155a78a0a
BOA_CC_BlueCard_5511,03/30/2026,EXXON CIRCLE K 09461 IRVINE CA,-74.98,a9277023aff25f989eca4caba5a2a4f1c20c4a14ea69eb456f87a65de586af00
BOA_CC_BlueCard_5511,03/30/2026,TRADER JOE S #111 IRVINE CA,-27.03,9e1485ef7d62fdf5e3fa3483ab266c7498a566d298d600ec1aee56426cdd505a
BOA_CC_BlueCard_5511,03/24/2026,TRADER JOE S #111 IRVINE CA,-57.82,26200542d6675ffb718754e8903d996bd5141946827a639e404ac389888a66bb
BOA_CC_BlueCard_5511,03/23/2026,PAYMENT - THANK YOU,621.47,e03eb3983981b62d6b0458eb94f78955dd28935ceca4bb397d8241f0fb869a70
BOA_CC_BlueCard_5511,03/23/2026,NORTHERN CAFE IRVINE IRVINE CA,-18.31,d30e364401accb538de8eb36aea4e9873c48ff9bb7e6933d7828c82e9edaa265
BOA_CC_BlueCard_5511,03/23/2026,TARGET 00032334 IRVINE CA,-63.42,1588c5bfa162ae2fe2bee76af528423e01e1eca36f4cac613e7bb5a4dfd2b6cb
BOA_CC_BlueCard_5511,03/23/2026,NORTHGATE MARKET #044 COSTA MESA CA,-23.2,bef94ea2061561a3b8ff8b458089173985676fab72cb4cb3af99c917f6e16319
BOA_CC_BlueCard_5511,03/23/2026,NORTHGATE MARKET #044 COSTA MESA CA,-7.65,d2ec4c0aa84b4cda3d2050e531f2e0913c225b04c28f32ffa9a38ac37b7a072d
BOA_CC_BlueCard_5511,03/23/2026,NORTHGATE MARKET 44 - TAC714-2576248 CA,-12.92,7509d700bec58b45cda8aebda430d37f583c06cdca8f66b5207c682e0ff69290
BOA_CC_BlueCard_5511,03/23/2026,CVS/PHARMACY #08869 IRVINE CA,-26.92,17da6e384390cf8336317028e4e75e55b04358f1477bfbb71f2fadc02c94156f
BOA_CC_BlueCard_5511,03/21/2026,TST*STELLA JEANS ICE CR Costa Mesa CA,-6.74,4183ede6c6ad4271513acf7cb1d6645c646c3fbd3d37746af3b90f4f78fc10e2
BOA_CC_BlueCard_5511,03/18/2026,TST* POSTINO - PARK PLACEIRVINE CA,-39.24,541714b1ab0df810b731260341f66983b58dc349ac67468bffc224abf3ee1442
BOA_CC_BlueCard_5511,03/17/2026,FREETAXUSACOM 877-269-9027 UT,-15.99,b959483507ebcc6f89d13d2187b1a35578ace81aaad2982130dcf4d8dd2eb4e8
BOA_CC_BlueCard_5511,03/17/2026,GEICO *AUTO 800-841-3000 DC,-248.32,e0b3f330e22c99b83d4003783914df7a4471960ed2c4e1de76988697f08ae828
BOA_CC_BlueCard_5511,03/16/2026,NORTHERN CAFE IRVINE NORTHERNCAFEICA,-54.84,9bac49ed26a224cd8b264a10b49678f010176896fb537c672a4fd32843965823
BOA_CC_BlueCard_5511,03/16/2026,TRADER JOE S #111 IRVINE CA,-53.2,86aa926e5ee6defb78b661bd08248eb1ac10eba81bb8ed43a51e5b8544d94698
BOA_CC_BlueCard_5511,03/16/2026,COX OR CO COM PHSV 800-234-3993 CA,-40.0,2c0038fce511d5dcc1fd6e498e7c8661d61bac3a7143efaa0cd29b68a5ccfe55
BOA_CC_BlueCard_5511,03/13/2026,PAYPAL *WAVES8D2Q 4029357733,-18.99,e6918f990d98e5be48301cfca349d85a0598b52910fdfc1b5c43fffd3efbabdc
BOA_CC_BlueCard_5511,03/12/2026,PAYMENT - THANK YOU,65.18,6218d830e65e9ced8c7509d5e4183ca90e7ed7b25eec7bf324080b37686235e0
BOA_CC_BlueCard_5511,03/12/2026,CVS/PHARMACY #08869 IRVINE CA,-35.41,afd69da952dc0fe55b69b0c77c07e8495be7a47884c42b11b21cdd27d3c24ebb
BOA_CC_BlueCard_5511,03/11/2026,ARCO #42382 AMPM IRVINE CA,-108.74,a34595828c9b9ff2d642402f26345e41fcbf33aa69f0ecc75f6e3ecc454e0aca
BOA_CC_BlueCard_5511,06/25/2026,PY *THE WAYFARER COSTA MESA CA,-40.98,6033ecfac2ac74923255cbece179a35b6bcf252667b96936e1c400a56c215a3e
BOA_CC_BlueCard_5511,06/25/2026,IN-N-OUT IRVINE IRVINE CA,-14.76,1a76859e17c4b9ab6440a79173a9278c4f3986276439cbaa61cba3e6592237c0
BOA_CC_BlueCard_5511,06/23/2026,DEALS CASHBACK,0.2,7d485866245003b7ea0b6f8965d916d8b848b4e81f3d4bf2be0cdf346bfb8ea7
BOA_CC_BlueCard_5511,06/22/2026,PEPPER LUNCH IRVINE CA,-58.24,04051037ab0657001b9b5be713167dcfd69c921ddd64a6c2466847fdb3ff5179
BOA_CC_BlueCard_5511,06/22/2026,DR ROBERT PRESCHER IRVINE CA,-150.0,12b166c35610f323a1b055912e1a2f20aebbf21dc378328d2c17a68ab8a70935
BOA_CC_BlueCard_5511,06/22/2026,www.cvs.com 800-746-7287 RI,-40.37,85e172e3657da8680d186e0476ef5217e0862ab9f126e009ca895014e19c51c9
BOA_CC_BlueCard_5511,06/20/2026,BAL ADJ/SQ *NYC STAND-UP,32.0,fc0c17a92ee4fff0cacaaad2dff722c86aaef157e624944b26a4d0d2557a42ec
BOA_CC_BlueCard_5511,06/17/2026,GEICO *AUTO 800-841-3000 DC,-242.25,291415d8a10b445d6ef980d27dafeea1cd75f973318028d223b65ccb63edddd8
BOA_CC_BlueCard_5511,06/16/2026,TRADER JOE S #111 IRVINE CA,-101.88,036dc05cb7832cea03d5f59d6a89f35c2532f8e029fa6efc34a5f7afe0f6c8ea
BOA_CC_BlueCard_5511,06/16/2026,UA INFLT 0164705042846HOUSTON TX,-10.0,8a4de74f2cfe1ddb3208bb81a05fde78d0d1e4149da0a58b0e2d570bace74930
BOA_CC_BlueCard_5511,06/16/2026,EWR CUSTOM BURGERS C1 NEWARK NJ,-41.72,6a02dce6636383aa7711e571e27f313c02b3d83263c50b6ac41c11f4aa825942
BOA_CC_BlueCard_5511,06/15/2026,TST* IL CORALLO NEW YORK NY,-125.01,c42e9d9dd095f8ae3da788ca44cff3bf9a64147a43fcea3284a31a04d37423b1
BOA_CC_BlueCard_5511,06/15/2026,LENWICH NEW YORK NY,-37.0,b834a22d80331698ee166293010558c8d620fb941ab21393f9914a0c1288a8b7
BOA_CC_BlueCard_5511,06/15/2026,MTA*NYCT PAYGO NEW YORK NY,-3.0,b9e479241d59d5602119f5bd0cce08b5d7e8442b32d32cec26d33c9dea35ec1d
BOA_CC_BlueCard_5511,06/15/2026,MTA*NYCT PAYGO NEW YORK NY,-3.0,72bf9bf51611728506d5b37899b413e343862fcecd5dfb9e393f22214f1f63a5
BOA_CC_BlueCard_5511,06/15/2026,MTA*NYCT PAYGO NEW YORK NY,-3.0,370808eb946e637592d72c5799c1f662436c41c6095f59b5e3ad0ae6a1c437f8
BOA_CC_BlueCard_5511,06/15/2026,MTA*NYCT PAYGO NEW YORK NY,-3.0,42848027a27607de6ce49aa2244c26778fa8a0ab5e950b08116a5fa50b06071c
BOA_CC_BlueCard_5511,06/15/2026,MTA*NYCT PAYGO NEW YORK NY,-3.0,46d01edf6d0fa45ac5c7292507ab695fb65f2686625a9c1f91007775ea4715a8
BOA_CC_BlueCard_5511,06/15/2026,MTA*NYCT PAYGO NEW YORK NY,-3.0,6ef48f8dff8039b1d46a08902baf7569e6da8f6e6e055481a68a75dd269b1aff
BOA_CC_BlueCard_5511,06/15/2026,MTA*NYCT PAYGO NEW YORK NY,-3.0,1a2c08c20859a5f38baea71cd57f3b64e1c203437d47d52911c450402813539e
BOA_CC_BlueCard_5511,06/15/2026,BAGELS SCHMEAR NEW YORK NY,-44.09,506b2ecbfc7c3db62033b6b90cc0e4d681182e263fd64c6a4ad01e042aca88d7
BOA_CC_BlueCard_5511,06/15/2026,SQ *BLANK STREET COFFEE New York NY,-14.04,bb6c54ab2d832d5433be98b3a2a5b7c5625f249c9a3e49f8e92e2c44c8ddca46
BOA_CC_BlueCard_5511,06/15/2026,TST*CANTO WEST VILLAGE New York NY,-62.82,db044591a279e72ce0d14c3b5d844de6505a6b3683acd0f3c300e94d03bfab74
BOA_CC_BlueCard_5511,06/15/2026,TST*BARBOUNIA New York NY,-72.54,4f3190353e8f1af0e67f1d0b65ad70c6094c59a8a0a7304557def9a4741c9f41
BOA_CC_BlueCard_5511,06/15/2026,MTA*NYCT PAYGO NEW YORK NY,-3.0,e15715e0059a5efece22fe76a482cb86e65cf24ce1e38f4e7d7a45cd3053e0dd
BOA_CC_BlueCard_5511,06/15/2026,MTA*NYCT PAYGO NEW YORK NY,-3.0,e14825d30668088900462387a81652ada61f18b2e150ac420a8d6902c2ec8606
BOA_CC_BlueCard_5511,06/15/2026,MTA*NYCT PAYGO NEW YORK NY,-3.0,cc3dda00be04330a1e93ad20432664f96e9ce1aa068008d8b618bfcb56ddd7e7
BOA_CC_BlueCard_5511,06/15/2026,MTA*NYCT PAYGO NEW YORK NY,-3.0,82e8f4e714b12231f2d440048636fcb197e18a539336ccb60c9966469861613a
BOA_CC_BlueCard_5511,06/13/2026,PATH TAPP PAYGO CP NEW JERSEY NJ,-3.25,7753d6ff3da03f29ee52e5aa733cf6d5fe2ddb7947996ae4d41146c46a16933b
BOA_CC_BlueCard_5511,06/13/2026,GREENWICH GOURMET MARKET NEW YORK NY,-7.65,9a7df219bce8e7131444f93beba721b77dbff750be61e2750361d70fc3bdb932
BOA_CC_BlueCard_5511,06/13/2026,SQ *NYC STAND-UP COMEDY New York NY,-32.0,4ac58fc11e125bf76ffdb45b03fb950c1571792afde9b3caa3731141a679cc31
BOA_CC_BlueCard_5511,06/13/2026,SQ *L'INDUSTRIE PIZZERIA New York NY,-33.48,f37c1c0fa5d96461265668c01382c0d3561a6613c3de5c2e4df1375b8a1f7fea
BOA_CC_BlueCard_5511,06/13/2026,SQ *LAUGHING MAN CAFE New York NY,-13.94,20e3bdffbfd55ae9726663cd316e83980f4bebb92826674cebb7e237f89e15df
BOA_CC_BlueCard_5511,06/13/2026,SQ *MIKE'S New York NY,-14.15,e822036f56c9ac72fd60ee8f1327ca9061597e318b97b6390dd31c8c711017c2
BOA_CC_BlueCard_5511,06/13/2026,"SQ *NOA, A CAFE New York NY",-8.06,5d52aad33ea0db6bff0575304983e9e3df0165cb6ff922d94c99bc570012724f
BOA_CC_BlueCard_5511,06/13/2026,STRAND BOOK STORE RETAIL NEW YORK NY,-25.04,a220cb39ffa37846d32ef8d69d2abe67ff57dfa44ae5de0af9e5704c707590f3
BOA_CC_BlueCard_5511,06/13/2026,MTA*NYCT PAYGO NEW YORK NY,-3.0,6c7ddbe422f6346487e23dfc6a62232b43bc9548dc70eada8644e1d70455d5ea
BOA_CC_BlueCard_5511,06/13/2026,TST*BIRDLAND JAZZ CLUB New York NY,-50.77,eb29f39ae89b201b99df7f0fb04cf5c68005d2bcce8a81ce4635584081174bac
BOA_CC_BlueCard_5511,06/13/2026,One World Obs New York NY,-103.44,c705ac6c112ceb1db650a578e5f1e064699714de722f4e820ca8272e9711b058
BOA_CC_BlueCard_5511,06/13/2026,COX OR CO COM PHSV 800-234-3993 CA,-40.0,5928f0854483ce049d0820c8cb72c3bb119de2e86d6ba0d54bd08732ecd88f67
BOA_CC_BlueCard_5511,06/13/2026,MTA*NYCT PAYGO NEW YORK NY,-3.0,466b8e2bcdf93adb02ede1ec0f8f77fbb2b92e7565ddf278e5b8b77b8ad34966
BOA_CC_BlueCard_5511,06/13/2026,ELEPHENT EAR 690 131-27305592 IL,-101.82,6e88b68ca8b0799a418e55fd3ed56874f6bdd537af8837a1263b9a24f673c04f
BOA_CC_BlueCard_5511,06/12/2026,SEPTA TGZHJ69OHDMX Philadelphia PA,-8.7,6c603079ebc19a2d97990f61065b023b7b9ff2181a6fbdc033a958d560a41c16
BOA_CC_BlueCard_5511,06/12/2026,BEILERS DONUTS PHILADELPHIA PA,-4.3,b791a95bcb6fdf174c8b0c9327d91067b1de7f65f0923bd231116e036ff948b1
BOA_CC_BlueCard_5511,06/12/2026,SQ *787 COFFEE ROASTERS New York NY,-23.95,35900fcf001b6b1571c20fe57b2f583b8994195b1e2c325c54e058224869490a
BOA_CC_BlueCard_5511,06/11/2026,RIVERWARDS PRODUCE-BREAD PHILADELPHIA PA,-0.87,949eeb57a595a596d79f043e2ad9c490cee3689a0284bcbfa29b1e10d3ff2636
BOA_CC_BlueCard_5511,06/11/2026,SPO*BYGEORGE-PHILADELPHIAPHILADELPHIA PA,-35.2,c2143ccdd837d0258e7cefa6d253c04c368e03f848fd65557d3bf528e9d45f4f
BOA_CC_BlueCard_5511,06/11/2026,SQ *ANA THORNE LLC Philadelphia PA,-70.0,3b24659edcd7ec6e7d9d368ac10ca0bff5db9d4df3fc2c630f4b6f117c2b1fef
BOA_CC_BlueCard_5511,06/11/2026,SQ *HERSHEL'S EAST SIDE DPhiladerlphiaPA,-22.25,b9d3a0af8b259d46e5317cbd9db254479ea411c1e8f7d56aca475aca5afe327a
BOA_CC_BlueCard_5511,06/11/2026,SQ *MENAGERIE COFFEE Philadelphia PA,-10.8,dce873dfd55b89736563907c652d98aa9e20f028988e06f0d4142e9a1497d15b
BOA_CC_BlueCard_5511,06/11/2026,SONNY'S FAMOUS PHILADELPHIA PA,-52.31,28e1fd177728dd8d86b0d2b629ee106abdd5fad9d73f26cc343821dc4d0509aa
BOA_CC_BlueCard_5511,06/11/2026,PENN MUSEUM 215-8984052 PA,-23.0,1a2f8b9296407257b6ebd4d97a1dab4531a6a3cae167ba02d8f00d29ff0df11a
BOA_CC_BlueCard_5511,06/11/2026,TST* ROTTEN RALPH'S PHILADELPHIA PA,-29.75,ab381dc82b87499f948301bf36be3efc433b752e8e60b1a131613a740fc8d399
BOA_CC_BlueCard_5511,06/10/2026,PAYMENT - THANK YOU,300.63,c3989e14aa2b128cb7e48ffd22875867e6dcefbf4fd1acffa495dcb5f60d03a0
BOA_CC_BlueCard_5511,06/10/2026,PAYMENT FROM CHK 3236 CONF#qnwopeany,300.63,b89dd8b952f76934f86dff820a00039187e127c446e6e7bb09e0cfce2dce1145
BOA_CC_BlueCard_5511,06/10/2026,SEPTA TGZHJ69OFL7W Philadelphia PA,-8.75,8180c012dfc8a70f71ccf183ad47beb1901afe5b8fcecbd63bd082ed4f4e0d2d
BOA_CC_BlueCard_5511,06/10/2026,OLD CITY KAVA COMPANY PHILADELPHIA PA,-20.07,b728e25928f2dc2a381bea01f49b107e7b9cea494fd35b6b770ce1c45ffc015e
BOA_CC_BlueCard_5511,06/10/2026,TST* LEYE - TAMMIE COE CAPHOENIX AZ,-32.15,db839209fd3f1e9f3bd85b1f6846b6e4a5f951ec93fa71afe0c9ce42512af15d
BOA_CC_BlueCard_5511,06/09/2026,ARCO 914738 IRVINE CA,-108.48,a0c1cf74a9db4e62d5408b96e5ae61c73f87579c61f5699221dd8fb76da43624
BOA_CC_BlueCard_5511,06/09/2026,SNA Harbor Exchange Santa Ana CA,-6.04,fc98277d3216cd817dce62b413d3a4bdb6fa3010f746cec7e922eccbbedc39aa
BOA_CC_BlueCard_5511,06/09/2026,PROPERTYRATE APPRAISAL 877-777-7283 CA,-800.0,53cd7bac2babb44ecd5f6abc5c217829fe94405e04d14d1130571a54c5660ad4
BOA_CC_BlueCard_5511,02/03/2026,TRADER JOE S #111 IRVINE CA,-37.78,8822286add5b92ffb1a019e1098bda61ca9073386af2303ea02e2a7c5bec912d
BOA_CC_BlueCard_5511,02/02/2026,PAYMENT - THANK YOU,2681.33,071dec4b6e7844a1705fc75fe95048a96e2cafef8399420f5cd1bf18a95f8245
BOA_CC_BlueCard_5511,02/02/2026,REGAL IRVINE 21 1010 IRVINE CA,-37.98,8eac6e7bfc51c59de564779ec1c082008f1ef910da15ab78bea5ca2f49d39f72
BOA_CC_BlueCard_5511,02/02/2026,SP BUYWINESONLINE BUYWINESONLINIL,-96.86,5ff79ba90eebf2d3cc4c6eb10fa2da12c35d47b4c6dfd966725701062dcb01c4
BOA_CC_BlueCard_5511,01/31/2026,TRADER JOE S #111 IRVINE CA,-31.0,e57d0e7d354501c141050892274c9cc9038f6fbfb1ab3024a871fd9525e699f7
BOA_CC_BlueCard_5511,01/30/2026,CTLP*CANTEEN VENDING CHARLOTTE NC,-1.35,1e19a80350a9ee14a9d64647778a2628aa5aefad3720e8d2c9406f62ab912fcf
BOA_CC_BlueCard_5511,01/30/2026,CTLP*CANTEEN VENDING CHARLOTTE NC,-2.1,143674c4a1812722366616e59ece80a2dc143583593b85c05fd683bcd616f4f1
BOA_CC_BlueCard_5511,01/30/2026,SHELL OIL 12597112015 IRVINE CA,-74.63,eedcd747de8fc21ddeead97c5a61367358ac802dccc4e7569d0fe6a5478a39ef
BOA_CC_BlueCard_5511,01/30/2026,TST* ANGELINA'S IRVINE CA,-106.89,8e458aa3be5ab7ed7bd8432bb98947877d41b72a1a0154ddbbcd6737a396db63
BOA_CC_BlueCard_5511,01/29/2026,UCI MARKETPLACE 9005 949-824-6916 CA,-65.0,66e0d39f9baf482b50c86f698d5ff084caa96f9704dc4c46eb0a779cb8435bd6
BOA_CC_BlueCard_5511,01/28/2026,AMZ*The Lovesac Co. 888-636-1223 CT,-71.12,db2f6034d966edd29a5d316fbfa3c028057bf2f8b21866b458610923750e965f
BOA_CC_BlueCard_5511,01/27/2026,TRADER JOE S #111 IRVINE CA,-69.39,0b5479040b976be213d481e734663e0ebbc7f8478e64ce2970bb0549e3a1e63e
BOA_CC_BlueCard_5511,01/26/2026,JERSEY MIKES 20030 LAKE FOREST CA,-6.68,7bdb48f2ab58dead87a82b493a27e39ea502214f18e4931d508f874cfbb5a5ec
BOA_CC_BlueCard_5511,01/26/2026,STK*Shutterstock 866-6633954 NY,-25.0,9a1dd25cef1cd76aab84a5bb4ed3f00c127a9d7e32210c39026349bdebeccda4
BOA_CC_BlueCard_5511,01/22/2026,SQ *SGT. PEPPERONI'S PIZZgosq.com CA,-33.4,df6955a1e5104f2d80a1bdfde19f3a64e6bac3a0dd52c1a603ebb009e33aaaa2
BOA_CC_BlueCard_5511,01/22/2026,WL *Steam Purchase 425-9522985 WA,-13.49,7d46c671a4243041fda82f414d95aa2f8f316cb0e625e11fa34a218ba7726abc
BOA_CC_BlueCard_5511,01/20/2026,THE EMPRESS HOTEL LA J LA JOLLA CA,-17.24,edcb2fa9aabae4c403a32f4d71134893825b78c6be1e548d6544b7fb62440fd6
BOA_CC_BlueCard_5511,01/20/2026,TST*PEPINO La Jolla CA,-34.48,daa3c3e269d3b5e1f1afb9c3a7e4b56fa12e2a53d6bdd9222aad7c4478808f1c
BOA_CC_BlueCard_5511,01/19/2026,CVS/PHARMACY #09268 LA JOLLA CA,-23.9,bb3978ba18d34930690e0a54d64f6593dedd5abc0a1b07d18d0dfa31110e9bd1
BOA_CC_BlueCard_5511,01/19/2026,SUPER IRVINE MISSION VIEJOCA,-40.26,05051b256b8d276cff102935a30d249afd12e081f23bcbe0b5d262152f5ab902
BOA_CC_BlueCard_5511,01/19/2026,SQ *BIRD ROCK COFFEE ROASLa Jolla CA,-15.5,603b0f45bbc7badfd0499558e83d2dc3bf101f6b30481dd4c7a6cdbeac58181e
BOA_CC_BlueCard_5511,01/19/2026,TST*BIRDSEYE PMG HOSPITA La Jolla CA,-74.89,7dbb70fb4e821a2436590c5193cca669b77b09a31c5e81472e31176f8f933a0c
BOA_CC_BlueCard_5511,01/19/2026,TURTLE ROCK RIDGE VINEYARLA JOLLA CA,-84.96,c84daa361e4ae5866dc6782f91593b7f99d1dc4e5066ceeac87aa044f5d933f7
BOA_CC_BlueCard_5511,01/19/2026,SQ *TRIDENT COFFEE San Diego CA,-6.3,5a3fe2db2f25a14106f47f6bcc7845b34ca056d408e76f096ec254d00588330f
BOA_CC_BlueCard_5511,01/17/2026,NORTHERN CAFE IRVINE NORTHERNCAFEICA,-47.3,46209e641dc09816d0bbd467c52cc53c74d3ffe4fcadeb2ec1a0c6b29dadf7c8
BOA_CC_BlueCard_5511,01/17/2026,GEICO *AUTO 800-841-3000 DC,-248.32,42ec19d5b4028704e01045750c0c7dbdbdc5851ce6701e85824c4c2eb0d6df66
BOA_CC_BlueCard_5511,01/15/2026,SHELL OIL 12597112015 IRVINE CA,-74.55,2c1e859916b5f2e60a123b55d7303a905e1b554d8f06cf4c7ecd63641dd39021
BOA_CC_BlueCard_5511,01/15/2026,"TOUCHUPDIRECT, LLC 818-600-8160 CA",-104.52,8cd6935a3a21f694777d4c91d331c4d2bef30faa8c5b8972bb6f6e41fe4df1b3
BOA_CC_BlueCard_5511,01/13/2026,COX OR CO COM PHSV 800-234-3993 CA,-40.0,a09de27fc67b178cd57fdf23bd24cae112c0b18df4b103e0e33b47113e9f0a77
BOA_CC_BlueCard_5511,01/12/2026,IN-N-OUT LAGUNA HILLS LAGUNA HILLS CA,-37.0,8b4a3f61f011714f6e81289bb6a0cd427bf95da4485561a41d5a997a6dccfeef
BOA_CC_BlueCard_5511,01/10/2026,NORTHERN CAFE IRVINE IRVINE CA,-65.68,659e4e5cd7cdc0e1fa5a6effb9597dc66c20b6e8215d5b7cffad92d8fed715dd
BOA_CC_BlueCard_5511,01/10/2026,UNIVERSITY TOWN CENTER 6 IRVINE CA,-34.98,76436615c2ef91515606e773d0078c657c127ddf74d82e904186e69a0570e1bf
BOA_CC_BlueCard_5511,01/10/2026,UCI CAMPUS RECREATION IRVINE CA,-390.0,1bb8c999f6ea819f715eaf7271fe219cbd5088ef231740817d5bf8e541e0e950
BOA_CC_BlueCard_5511,01/09/2026,AMZ*Jennifer Taylor 800-888-6861 CA,-737.38,4f20f5debee5f58391d4633be35d0c7e66eedb2ad9efe78baafb629aba5ace86
BOA_CC_BlueCard_5511,01/05/2026,H MART IRVINE WESTPARK L IRVINE CA,-15.56,59452b2fc46d52779571c164d85b5200e4976742510f78b392fabaa06837f250
BOA_CC_BlueCard_5511,01/05/2026,MARSHALLS #0658 IRVINE CA,-67.85,428ec6d9864b7574435542ddfe7def741a6a8089b40e7c0a989bd9764af2dfaf
BOA_CC_BlueCard_5511,01/03/2026,NORTHERN CAFE IRVINE NORTHERNCAFEICA,-51.61,e32d2be4fea239305cbe3a7b5b26ec86836493d13f1adef11125cbddbff57e92
BOA_CC_BlueCard_5511,01/02/2026,PAYMENT - THANK YOU,1186.5,1a91fd9f238ed8b6657a46d668919bed3f0bd818fcb09018016c5b76f5560b9c
BOA_CC_BlueCard_5511,01/02/2026,ALBERTSONS #0597 IRVINE CA,-59.14,a430a1e4f3cf9b1c5beeae7a686df953004e0979060f742aa7577dddf1250592
BOA_CC_BlueCard_5511,01/02/2026,GOOGLE *CNN 855-836-3987 CA,-6.99,bb08d9f597054a0ca093dae3bbf9387d0d62afce8c4c7458b7fcc204edde04f0
BOA_CC_BlueCard_5511,01/02/2026,Online payment from CHK 3236,1690.7,b3f0dc0ac4a72b62cd333d87ba92e2f94b0fbeee52cb8b668f7e9113878f1613
BOA_CC_BlueCard_5511,12/30/2025,TRADER JOE S #111 IRVINE CA,-45.5,dc5668a56b88dc37da85b6b1293a681a76431695ff4bbeac96a943669ebe1aeb
BOA_CC_BlueCard_5511,12/29/2025,ARCO #42382 AMPM IRVINE CA,-79.65,2286cf271660388c0b7d634adba31a5d7c48271b6b50416e403ec589b2d65437
BOA_CC_BlueCard_5511,12/29/2025,SQ *SGT. PEPPERONI'S PIZZgosq.com CA,-49.03,f9df2d22c009db5f2d4a149de282d71f2e987073c4037a5b5f90c72b3ef48ef0
BOA_CC_BlueCard_5511,12/29/2025,SP GRAIN WOOD STORE GRAINWOODFURNVA,-516.13,49a6e089d3702103bcddffb2cdb4385a8a36e502bc98ba5a04f936b61b98fd0c
BOA_CC_BlueCard_5511,12/26/2025,ALBERTSONS #0527 IRVINE CA,-144.14,6b7554e65ba2a166de9d40a0b5cf8689da0e2582f538f6e7ec2cba2c3ce82ffe
BOA_CC_BlueCard_5511,12/23/2025,Online payment from CHK 3236,1690.7,d8cadcbe3e852582b29dd94e3742e09d71126df87fbd9d37cd1f1582149e4440
BOA_CC_BlueCard_5511,12/23/2025,TRADER JOE S #111 IRVINE CA,-15.52,bf7f1a3cfdf98b1575df5a1407f3905ca4cf2472caf09f99cf27a422e6fe72f2
BOA_CC_BlueCard_5511,12/22/2025,TRADER JOE S #111 IRVINE CA,-41.35,08c566e24f162d71cfa6b8330926e061e5a833588c83b601064da0666e554fbb
BOA_CC_BlueCard_5511,12/22/2025,PAYPAL *THINGSREMEM 402-935-7733 IL,-48.47,296dddad4c30219f1de90e7e9e71ea285adccc9cecc45957abf8f9b501d343a9
BOA_CC_BlueCard_5511,12/22/2025,WALMART.COM 800-925-6278 AR,-32.4,c29d148a7cdc8ef9db8acc1fbc4d706165391cd855f128ccefbdf5075e2b076f
BOA_CC_BlueCard_5511,12/22/2025,SEE*SEES CANDIES MO 800-347-7337 CA,-53.45,878e30dae45784894998c17da604288b52002d4f17bf69616351b8f36464201b
BOA_CC_BlueCard_5511,12/20/2025,SP SYDNEY EVAN JEWELRY SYDNEYEVAN.COCA,-1007.47,e81f324d99e75eba3b69b6c9b73189af180427feb07d348c07642840f40da37a
BOA_CC_BlueCard_5511,12/19/2025,EXECUTIVE AUTO SERVICES IRVINE CA,-145.0,3d89229ab0cf131319d0855587899727194446e789a569cd105502d05ed00b5f
BOA_CC_BlueCard_5511,12/19/2025,MOTHER'S MARKET & K IRVINE CA,-9.79,2d87414e5299b438b3f0922048653ab5f3cc2d9708b9087019d45799739301f2
BOA_CC_BlueCard_5511,12/18/2025,ASH MORGAN DDS INC NEWPORT BEACHCA,-108.55,8552d55314e37e37b3534f96febd50a4edb1484740ae666ee78306240011bc44
BOA_CC_BlueCard_5511,12/17/2025,PAYPAL *BUWIZZ 35314369001,-56.85,9c4c85fbaf7308468339e01ab17d12cb915bce955d79aa65bd22c8298ac21eab
BOA_CC_BlueCard_5511,12/17/2025,GEICO *AUTO 800-841-3000 DC,-248.32,6916af98c56822971907b14e35b98c0f19d5d97e0bc67a287b12240292bbc336
BOA_CC_BlueCard_5511,12/15/2025,COX OR CO COM PHSV 800-234-3993 CA,-40.0,265afaf4605d43ec5df1740b87ef2c929794c1bb39dee2d0974662a292b4bab6
BOA_CC_BlueCard_5511,12/15/2025,FUKADA IRVINE CA,-62.39,323ec45352ad31d7381a69577b5d16df9bd171d520cb20fc3fc4e2d5d22b20ea
BOA_CC_BlueCard_5511,12/15/2025,TST*THE TACO STAND LAGUN LAGUNA BEACH CA,-34.25,243a98a3aa928d46542f4a6bc9184324a5b3ebac382e9de5b887e4e31745fc61
BOA_CC_BlueCard_5511,12/15/2025,ROGER S GARDENS NEWPORT BCORONA DEL MACA,-319.51,7ac939e0656da498d29ad7947e5c10b5b15b4275ee3aef74216d2db38438e7e2
BOA_CC_BlueCard_5511,12/15/2025,SP KIIMENTO MISSISSAUGA ON,-72.99,1bfa9355bea61af81cc2cdf096bb88ffe0d4cf5d671bf0640e13fbf396908c5f
BOA_CC_BlueCard_5511,12/15/2025,SQ *SYLVIA SIMMONS Laguna Beach CA,-37.71,9c4bd64c1cdcfdaa5008b9c76cae4995690cd38a10b44f8340508e500c4ace6c
BOA_CC_BlueCard_5511,12/13/2025,SQ *SAWDUST FESTIVAL ONLIgosq.com CA,-24.0,2e626e9720c12fb73c544397850fcb4d75cc3a812516998d1d1702fd9f6a5ed6
BOA_CC_BlueCard_5511,12/13/2025,SIT N SLEEP LAGUNA HILLS LAGUNA HILLS CA,428.7,80d3bf153d16897347dd28e777e5a45d866a858fd950b1183d2a68f6f5786c1d
BOA_CC_BlueCard_5511,12/12/2025,REGAL IRVINE 21 1010 IRVINE CA,-31.2,86540d90823a3feb81a4dc93fd6e2eba99957cac776b55f2d218ca57f4a5a077
BOA_CC_BlueCard_5511,12/12/2025,ANTHROPOLOGIE 00472 180-02822200 CA,-16.1,07f95e0b3de0bae900c55f598c48f82478364edbb0a147479739abc99e2cdf55
BOA_CC_BlueCard_5511,06/08/2026,WL *Steam Purchase 425-9522985 WA,-49.99,60f1c0a25d2cd554390f8641e7dc59f58db53e6bd1045edb19b7cc8771d66fd6
BOA_CC_BlueCard_5511,06/06/2026,NORTHERN CAFE IRVINE IRVINE CA,-29.07,d671187cffb73178605183287ba6ead8428c3f241576acccf5ad400b20daacb1
BOA_CC_BlueCard_5511,06/06/2026,TARGET STORE T3233 IRVINE CA,-18.74,8cca7244664474e18ef8d3a0d3415e8124ff37913eb594d9eb964dd4c5fc6536
BOA_CC_BlueCard_5511,06/03/2026,TACOS MIRANDA HUNTINGTN BCHCA,-19.34,67059240da69e93dea04183e9027179499eca30c55493d85a7f0c12b852e2727
BOA_CC_BlueCard_5511,06/03/2026,TRADER JOE S #111 IRVINE CA,-36.95,fedc2d4a5022c9928614904908666bbece6fe8cd6803f8dc25e6401f708c2656
BOA_CC_BlueCard_5511,06/02/2026,USPS PO 0537130253 IRVINE CA,-11.14,b83cc450626ebc68d20d1eb519fdf673328a52bc8c7e27a3f956bd03e478a169
BOA_CC_BlueCard_5511,06/02/2026,PY *HOMESHIELD PEST CONTR714-702-1058 CA,-50.0,896d9728acf954ea533657a67accd809706e52830a865302760f60ddad13f1a5
BOA_CC_BlueCard_5511,06/01/2026,PEPPER LUNCH IRVINE CA,-46.63,58352798351d64e5f90e67c10ba1dd127eb7c0896ed29d268caa9a784e75e9fd
BOA_CC_BlueCard_5511,06/01/2026,TST* BACIO DI LATTE - 601IRVINE CA,-17.6,c0a2345e494ca0a10354185049271b072cfc4f0d83901821d1f80c27fb01eee8
BOA_CC_BlueCard_5511,05/30/2026,PAYMENT FROM CHK 3236 CONF#1kvyab8xl,3122.01,dc4915f5be80c73946a02aafe71edf7002085abdb959d47433bc700f503423b8
BOA_CC_BlueCard_5511,05/30/2026,MOTHER'S MARKET & K IRVINE CA,-21.17,35ceb05195a3842e4010740788c34202efc6cb9b4c7c739267028b30eead745b
BOA_CC_BlueCard_5511,05/28/2026,CTLP*CANTEEN VENDING CHARLOTTE NC,-1.75,17a4e28af9576d4c4410482f3e86d9915adab9bb6f88994476b7c43bb56ad048
BOA_CC_BlueCard_5511,05/28/2026,CTLP*CANTEEN VENDING CHARLOTTE NC,-2.1,6e45f785f836a8d9498b13abc8ed4e3069498764fee49ab379b82a45f847e796
BOA_CC_BlueCard_5511,05/26/2026,SUPER IRVINE MARKET IRVINE CA,-19.72,ae021d0a4c1be23f6dde3e48213666f3b9417f83ac0fbf3fd35612d1e396bf92
BOA_CC_BlueCard_5511,05/25/2026,TRAVEL CREDIT,840.64,81a1f9d500209b546195134070efa3b8871d822410e698c959a0aabc8efffe76
BOA_CC_BlueCard_5511,05/25/2026,OC REGIONAL PARKS PARKIN IRVINE CA,-5.0,5a3faf05a3a4dab2426659f85826f1f98d79d4686552be144aa7d94f5dfe4910
BOA_CC_BlueCard_5511,05/25/2026,SQ *SCRATCH BAKERY CAFE Newport BeachCA,-39.11,ed2d148865edd6199ad2fd206c71baf110dc0deaf22eaf6118546de2efbf34bf
BOA_CC_BlueCard_5511,05/25/2026,ALBERTSONS #0527 IRVINE CA,-36.17,35f5baea833d2aa288cc82e9dc64cdbd50d09c86c46318a70af66fae866736bf
BOA_CC_BlueCard_5511,05/25/2026,TST*LOST PIER Laguna Beach CA,-22.62,705c684be086d8e96eeaca845e068ebe8c54c95165a29395a29bec36667f498e
BOA_CC_BlueCard_5511,05/25/2026,VENTEK LAGUNA BEACH CA,-12.75,86c4190152648686673f0df80a57c2f957c0a1d31189b4207319a803b621b6bb
BOA_CC_BlueCard_5511,05/22/2026,"Hotel at Booking.com Wilmington, NDE",-646.89,a62bae11d4bb975c43f3ec81fe46fb971e7146ce45cb21a3090c012753307cd0
BOA_CC_BlueCard_5511,05/22/2026,MOTHER'S MARKET & K IRVINE CA,-0.76,2a3007bb83ae27b2ac402feda321241b004477a0407b99a09e5b5dfad4e374e8
BOA_CC_BlueCard_5511,05/21/2026,BKG*HOTEL AT BOOKING.C 147-036-3250 NY,-1096.18,5b18f012eab0a39eb47696c5bc758ca2d05b0fb1d08f46b7c987a8af7cb5b7e7
BOA_CC_BlueCard_5511,05/19/2026,TACO BELL 27505 IRVINE CA,-7.09,7d90ff794b328687894ec4df5ede3efb92a0f5213328efba17fe2e66529b7dc8
BOA_CC_BlueCard_5511,05/18/2026,TST*THE LOT FASHION ISLA 949-281-0069 CA,-11.32,be5feca843eaa05c9b1f88d620e183314becada7c2bf83718bb0d364ba04104e
BOA_CC_BlueCard_5511,05/18/2026,SJC Parking SAN JUAN CAPICA,-8.0,d79ebb61e8fb7d924452f36ce9f4ceab4171115a39a03a4fdd2f066c39489340
BOA_CC_BlueCard_5511,05/18/2026,PY *RANCHO CAPISTRANO WINSAN JUAN CAPOCA,-145.76,cc4b7723da10340eda96801c65e81c0e194e2e7dae127340fa14da94a27c6b52
BOA_CC_BlueCard_5511,05/18/2026,THE COTTAGE GALLERY ON LOSAN JUAN CAPICA,-10.34,16317b7a140eaede6a50d88f9a386d5c39b8a8c398525999b3ee10c77479084d
BOA_CC_BlueCard_5511,05/18/2026,HIDDEN HOUSE COFFEE - SJ SAN JUAN CAPICA,-7.25,8fa666a62ba6fa3ba696b97fb05dd2bff102f510414d8dc2e8f59297a7872d91
BOA_CC_BlueCard_5511,05/18/2026,GEICO *AUTO 800-841-3000 DC,-243.02,11880989960d451b226c96200cbe76b8b0d4f26864da825a3708c4476dc2ec93
BOA_CC_BlueCard_5511,05/16/2026,UNITED 0162102669665UNITED.COM TX,-420.25,1118022d3291dedb6ac8412a8992a82d46b2eeeb74210cb5e18cd26e2266f93a
BOA_CC_BlueCard_5511,05/16/2026,UNITED 0162102669664UNITED.COM TX,-420.25,0242e1e0e1071d43d428513e2d0a0e536259c89329512b14535463602fe0a3e3
BOA_CC_BlueCard_5511,05/16/2026,UNITED 0162102659071UNITED.COM TX,-393.4,3145fe15b490fb9d98c7928b5e37ddd28e8e59db830904b0e9590c3e2c162884
BOA_CC_BlueCard_5511,05/16/2026,ARCO 914738 IRVINE CA,-111.07,e9f55a27fb3de53348d7a31f26a607cb181c6aee2601fa8a013c8cda990bb513
BOA_CC_BlueCard_5511,05/16/2026,AMERICAN AIR0017414069800FORT WORTH TX,-220.85,89c74751d4a306fb176750af6f5f38ed9f22ab2ed147bda27bbe3c1faa9e62b0
BOA_CC_BlueCard_5511,05/14/2026,COX OR CO COM PHSV 800-234-3993 CA,-40.0,2e7fec17c7b53c77b342f6f2d978def49140e88e61cd57e2ef9ae16302851d54
BOA_CC_BlueCard_5511,05/12/2026,SPORT CLIPS - CA522 IRVINE CA,-41.0,ae21b2387658198c9b025a11d3f455cd1c380af568b0694ccd17f620bbc949a4
BOA_CC_BlueCard_5511,05/11/2026,PAYMENT - THANK YOU,381.83,db76382ef4c677c29a02fb454b31b698648ddc68d6ee22ff59fd176ba749a1e2
BOA_CC_BlueCard_5511,03/07/2026,INTEREST CHARGED ON PURCHASES,-12.66,98973a6f7a638652b7f188ee3afe45873816689258de93f2d0a685ba5178984c
BOA_CC_BlueCard_5511,03/07/2026,PAYMENT - THANK YOU,1302.94,fd0ddfe5d22ecf03a5dd15f7af3ec202b68a1872bceb2e55bbc8cc5c57254fa1
BOA_CC_BlueCard_5511,03/07/2026,SUPER IRVINE MARKET IRVINE CA,-52.52,d2a1ea4cc8a1a26348488efa84bc8bad81ca7cae1221bee4009cf7e29100aadb
BOA_CC_BlueCard_5511,03/06/2026,LATE FEE FOR PAYMENT DUE,-29.0,89accd23504139ac3432e326037aac6f94c58ffa9e5c05414c948c6d72ff597a
BOA_CC_BlueCard_5511,03/06/2026,WL *STEAM PURCHASE 425-889-9642 WA,-19.99,d2d6e639801317ffb20a096839540856ca20968e15d998327a6a674958738bf5
BOA_CC_BlueCard_5511,03/06/2026,CITY OF ANAHEIM CONV CTR ANAHEIM CA,-25.0,05edf75d1381ca363cfd334c1d563a62f789a5059b0fc08a8e540059b405c296
BOA_CC_BlueCard_5511,03/04/2026,TRADER JOE S #111 IRVINE CA,-13.97,bec2372c67cc26d6eae836566a933f790d35de965a601f66ebbf12563d04e450
BOA_CC_BlueCard_5511,03/03/2026,PAVILIONS #1911 NEWPORT BEACHCA,-51.74,4f23cfd2780fde23072acb0ce3bf56715b09a2723805df9db4bc8a32dfc4174e
BOA_CC_BlueCard_5511,03/02/2026,BARNES&NOBLE PAPERSOURCE 800-843-2665 NY,-3.32,1d70e931cdcd2d88e26ba9dd933c42c544478c0249c43d9321160947bfd997e7
BOA_CC_BlueCard_5511,02/28/2026,LAS BARCAS GOURMET MEXIC HUNTINGTON BECA,-64.56,9adf2f65cc2293b5a7617228d5319c57c054d93f6130719d43338e693cf91260
BOA_CC_BlueCard_5511,02/26/2026,ACE PARKING 2211 IRVINE CA,-4.5,4250193b71acc283e371f5e314afd5d5baf00c4b1c7c1e20f849fb83106bd52f
BOA_CC_BlueCard_5511,02/23/2026,TRADER JOE S #111 IRVINE CA,-87.34,83384e38d737dbb2a5b9b605bada756dbc566e2d222eab11476da9a433d19884
BOA_CC_BlueCard_5511,02/23/2026,SPORT CLIPS - CA522 IRVINE CA,-46.0,3e49e31b24a44f5e07fae0c3600758e47a816d04d2efb99e9e7a069eb7a5c6be
BOA_CC_BlueCard_5511,02/23/2026,SP BIRD COLLECTIVE BIRDCOLLECTIVNY,-28.27,0b7267012507f2a49189416ca21463f248513aac52aa7d4fe55e1cc07764065d
BOA_CC_BlueCard_5511,02/21/2026,"NESPRESSO USA, INC. NESPRESSO.COMNY",-75.0,c435d738cb6764f44793fbd0ebc6d1a710f861f6c251a1a128514fcec770f89d
BOA_CC_BlueCard_5511,02/19/2026,SHELL OIL 12597112015 IRVINE CA,-75.06,aec1c261bd19a0840527b5a3c6323819fe59d75f8d7c723638186f307682aa9f
BOA_CC_BlueCard_5511,02/17/2026,ALBERTSONS #0527 IRVINE CA,-51.1,409da92f4f3282cd412795bcae8ab1020b52795a10eb4370b50ce0e965b0b2c7
BOA_CC_BlueCard_5511,02/17/2026,GEICO *AUTO 800-841-3000 DC,-248.32,83d3a4a865715b9e52771a2ecbffc020f6ba934d5ba847b2c1657adc1f6360fa
BOA_CC_BlueCard_5511,02/16/2026,PY *HAUTE CAKES CAFFE NEWPORT BEACHCA,-52.8,59e1f21a9f1d0f4555364b05c7439abd25d582ddf28db0c1c73d0211d016273f
BOA_CC_BlueCard_5511,02/13/2026,COX OR CO COM PHSV 800-234-3993 CA,-40.0,034eac8da4a700afa0ca370bac0d8a0d3adb4d11d3ce8a0c5cc4ffa60383c413
BOA_CC_BlueCard_5511,02/10/2026,TRADER JOE S #111 IRVINE CA,-32.5,748480b0bef04f030d414836c0c0447192b955de2a7db349b465c0af0dcd8a49
BOA_CC_BlueCard_5511,02/09/2026,NICKS NEWPORT BEACH 949-3332711 CA,-150.85,4e1abb92e463b83bef81f0ce5e56794f6a04a2efaca4756ccf21ad0fb36ef57b
BOA_CC_BlueCard_5511,05/05/2026,THE TOLL ROADS OF OC 949-727-4800 CA,-14.33,5c8866e41a118a9ba35fa08eddb9702c2243862b501699edc396b01565e89013
BOA_CC_BlueCard_5511,05/04/2026,NORTHGATE MARKET #044 COSTA MESA CA,-45.22,fb9fae0e023ac16e58ddb7dad83d75d298173d8dd7c308fd9c2215af341dbd5e
BOA_CC_BlueCard_5511,05/04/2026,NORTHGATE MARKET #044 COSTA MESA CA,-9.79,d09a43680fe93f78acae7368b8527f82392ae84956b4ad023ef319ebfd13f10a
BOA_CC_BlueCard_5511,05/04/2026,GF* WWW.GP-FILTER.COM WWW.GP-FILTER,-54.99,7e555df7e12747ff6e6257b5ef299847f7cc2f4994cd8fa8bbb27eec0dbda56d
BOA_CC_BlueCard_5511,05/02/2026,PY *HOMESHIELD PEST CONTR714-702-1058 CA,-50.0,1b9306d0f2bf5c0c75037e64aa35cbb1b0d164866864ee641afce8804e7f1fc9
BOA_CC_BlueCard_5511,04/30/2026,UCI MARKETPLACE 9005 949-824-6916 CA,-65.0,9aaf674c5cbd8f2e5f35203c295a3ade7f8b77bd848ec1958b4f9fdab5417300
BOA_CC_BlueCard_5511,04/30/2026,"NESPRESSO USA, INC. NESPRESSO.COMNY",-77.5,43c91a9f2191106cdbc1ecd678aa50f6da9c73b46ba9a454304cdb1933e1fdba
BOA_CC_BlueCard_5511,04/28/2026,UCI MARKETPLACE 9005 949-824-6916 CA,-65.0,8863be3033474238b9f33d3514a735d5f98ff0011ec549ac4e893510fd542e3a
BOA_CC_BlueCard_5511,04/27/2026,PAYMENT - THANK YOU,1129.46,a3e546f5d8e8ae1b510dc146316bd9601b2b1c02f8d8714d718a4083dba07e58
BOA_CC_BlueCard_5511,04/25/2026,SHELL OIL 12597112015 IRVINE CA,-104.2,463e5ff3c8543aa1ef5e820d4168cae33e72840df99bb1d3a5740756c17684da
BOA_CC_BlueCard_5511,04/21/2026,AMC 0427 TUSTIN 14 TUSTIN CA,-15.71,9ee634b828ef9ed5f8988f2590fb0bc7c6373f31d721397a8b3147ff5774ba4f
BOA_CC_BlueCard_5511,04/21/2026,"CHUBBY CATTLE IRVINE, Irvine CA",-196.17,e8246844f6166fd9fff850315040153b5c61aea495686722eca55447e6f5c653
BOA_CC_BlueCard_5511,04/20/2026,WM SUPERCENTER #5644 IRVINE CA,-102.63,d6d8c387130669522b6f492708e0118b64f74c09c431f13b2d97581d14b21b5a
BOA_CC_BlueCard_5511,04/20/2026,ALBERTSONS #0597 IRVINE CA,-31.93,8225b4b9f91893636e80fda6a60e7e6581b43982b4c3429bb21cc0206e2431a0
BOA_CC_BlueCard_5511,04/20/2026,TST*WILLOWS FARE INC San Diego CA,-16.48,4f3108754e60e917b4dd9b635ccaa1565135988f05f94b0b785b0b91560e2adf
BOA_CC_BlueCard_5511,04/20/2026,LA COUNTY PARKS AND REC IRWINDALE CA,-15.0,dfe8d64bac49e6149f32da300407276afba88045c9c7813ce03fe5ac2edcf2f3
BOA_CC_BlueCard_5511,04/17/2026,GEICO *AUTO 800-841-3000 DC,-248.32,f12c91d4418aa47486a7d2c1c6d6c4c470f9b4190225e888c54fdb99f45297b3
BOA_CC_BlueCard_5511,04/14/2026,TRADER JOE S #111 IRVINE CA,-92.01,b2f9592f0d1482f09e29963ba459350ec66c8b6a61e2e086d2efacc2c5ed3041
BOA_CC_BlueCard_5511,04/13/2026,OBSIDIAN OAKVILLE ON,-48.0,3dd236a14ad9cf7b91b7598f3ec692eb2dcc36e4247f1704c8dcb28cd32de0d0
BOA_CC_BlueCard_5511,04/13/2026,COX OR CO COM PHSV 800-234-3993 CA,-40.0,37c3a11f1904177fff0bc005287569b23a797920ec3eb3b2fa5bc53973f47ddf
BOA_CC_BlueCard_5511,04/11/2026,ALBERTSONS #0597 IRVINE CA,-19.01,ac34396cc93fd7cf777eb1d75d9beaab27848a7a5fb8f79063a338069bc53fc0
BOA_CC_BlueCard_5511,04/10/2026,PAYMENT - THANK YOU,923.96,2f1c245b82c8d77896c2dc128a51541e84c580b7a17564641444a0415b44505e
BOA_CC_BlueCard_5511,04/10/2026,EXECUTIVE AUTO SERVICES IRVINE CA,-200.0,f088d671e18162ec5fd2bc556cba980a6653fad70afdc0fb961b1ee374eb1e62
BOA_CC_RedCard_3924,04/09/2026,TRADER JOE S #111 IRVINE CA,-86.08,bb14bd1e6955f24aa8f145d613abf7171b74c813ef8dd17cf2aab12038fc4a06
BOA_CC_RedCard_3924,04/06/2026,SP SANDOITCHI 150-43885005 TX,-16.17,aafd62a05f89c7dae28b4a7a53d9f510b43b722aa194822b139674c126587140
BOA_CC_RedCard_3924,04/06/2026,SQ *HOT BAMBOO Costa Mesa CA,-10.45,3c1a8e719e711accd6ba339f38b3f61474356ecb3cb33598de3d2ea8196bad7a
BOA_CC_RedCard_3924,03/31/2026,PAYMENT - THANK YOU,149.71,4affc83a7b5b9c291ea303ac89361aff7a3481c61e962ae5570600c1eeaf2fae
BOA_CC_RedCard_3924,03/31/2026,ALBERTSONS #0597 IRVINE CA,-39.65,3fcc3e7f2c4a7dfdfbc6f605cece61bf112ded34ee456611a8c934cdc97cfeed
BOA_CC_RedCard_3924,03/31/2026,TRADER JOE S #111 IRVINE CA,-57.64,a8714780e94c63b282f65b43932fdbead786708008a7e474e75e9d353fd82f4b
BOA_CC_RedCard_3924,03/30/2026,THE HOME DEPOT #6628 LAGUNA HILLS CA,-19.35,c27ed406db0807a064698dc2bba6803d8a2a749fa7b8c4bad5209f1dc6a63f9c
BOA_CC_RedCard_3924,03/26/2026,SUPER IRVINE MARKET IRVINE CA,-84.9,e546060600bd05b8ebdf51349c665a7197276ba993dc8f21670e357518581267
BOA_CC_RedCard_3924,03/24/2026,TACO BELL 727505 949-725-8348 CA,-45.46,e97314d5dac82ec0a420bbc871f5dc193e3c516669c62751a8302228ee0ae421
BOA_CC_RedCard_3924,03/23/2026,PAYMENT - THANK YOU,116.04,6588bb4fe3ecc9bb0e22ec346c0f4d282dcdd7febd8e1d0542f1afc9638b819f
BOA_CC_RedCard_3924,03/10/2026,TRADER JOE S #111 IRVINE CA,-54.88,03a22126d7832b2402035f863e93a262d85b138769b9f46a909739c1332beceb
BOA_CC_RedCard_3924,03/10/2026,ALBERTSONS #0597 IRVINE CA,-61.16,59ec2960a511e89b7a2c1beb7f29fb9035403710c96c475cf5e27c68e6b85d35
BOA_CC_RedCard_3924,06/24/2026,TRADER JOE S #111 IRVINE CA,-39.88,9983aeb0108c52bd62bc2339e4dc06d769f1649a9cb33209f1512b0fd1ec88c2
BOA_CC_RedCard_3924,06/22/2026,TRADER JOE S #111 IRVINE CA,-102.43,e39197aeb50999caf4c4a85fe1f8448ca76acbf9e44bfb3767542a975f85cbf3
BOA_CC_RedCard_3924,06/17/2026,SUPER IRVINE MARKET IRVINE CA,-42.43,cfb2835bf6274951c5dc93de3e2acfdd4224b17ddcf8c3471344260207c2315d
BOA_CC_RedCard_3924,06/17/2026,ALBERTSONS #0597 IRVINE CA,-54.25,e7283b4790672354bf275a6a6b23b8f06b13e417703fa30db4839c2fdbabaff3
BOA_CC_RedCard_3924,06/15/2026,UBER *TRIP HELP.UBER.COMCA,-23.94,ee896422dacd014d3b3ba7c44ca767adbe006f6b4aebdc1c2ae093d3bc3aebf6
BOA_CC_RedCard_3924,06/15/2026,UBER *TRIP HELP.UBER.COMCA,-7.89,05408f73499ca59fd6c34119233a5e210ac1c62495c785ba1cf8a795ff647d7f
BOA_CC_RedCard_3924,06/15/2026,UNITED 0164704764340UNITED.COM TX,-50.0,5a20de4177b7a58c17d84b5be0213817b0fa227af9ec0466cbad84a5e5cc2e11
BOA_CC_RedCard_3924,06/15/2026,UBER *TRIP HELP.UBER.COMCA,-78.94,5786d5df82bcbb38a0ceff4d296e2e380f2600aed97087d736a197ec605054c1
BOA_CC_RedCard_3924,06/15/2026,Met Museum of Art New York NY,-60.0,6722a6db264a16ffdd49cafc117bc98eec7b0227d3919e0d443b46de2f684bc3
BOA_CC_RedCard_3924,06/15/2026,AMC 9640 ONLINE LEAWOOD KS,-5.98,a2773ab2e0a9a8e3945cd0211c9fba3f14fe88a7653ded0580924058a50ff42b
BOA_CC_RedCard_3924,06/15/2026,AMC 9640 ONLINE LEAWOOD KS,-4.98,d3418f8c100e73893e789f2a5f6f3f1823290de8d6d79a10d74f75e41e42ff94
BOA_CC_RedCard_3924,06/13/2026,SEPTA LYT5AY9LIB3Z Philadelphia PA,-2.9,9ad575cf1f14b3131a569a32936fbb8f40718cb4b9c20a07e0f6e5927d8860eb
BOA_CC_RedCard_3924,06/12/2026,INDEPENDENCE PARK HOTE PHILADELPHIA PA,-17.33,755e5a5ddfefd83e7ff811b6e5c33cae801be17679567644ed64328da1d09b8b
BOA_CC_RedCard_3924,06/12/2026,BAGELS SCHMEAR NEW YORK NY,-22.26,c2b457a77b1f2477225dc87c875f7caae9a05b69e2afcee69e53ca95e88e4aa7
BOA_CC_RedCard_3924,06/11/2026,PAYMENT - THANK YOU,572.47,79f54ef4cc36bc4aa3b6a7f72a3f8c95cf6d6e8f88214c3248e662255cd403f6
BOA_CC_RedCard_3924,06/10/2026,PAYMENT FROM CHK 3236 CONF#pixctl8cd,572.47,d77cae2c572427c9c773825548cbcb0ab38230d14e3fef5b7d2ef9b9309dd841
BOA_CC_RedCard_3924,01/02/2026,Online payment from CHK 3236,127.93,aa0c69197457842f12b58978111f9a7bf61aa2c6cb575f1f682064c336ae8912
BOA_CC_RedCard_3924,12/22/2025,UBER *TRIP HELP.UBER.COM 800-5928996 CA,-28.02,7a8af9f54e96404f860d50bc622ed6da8cd81c2d1f39ed8b89be67c4f2634ce2
BOA_CC_RedCard_3924,12/22/2025,UBER *TRIP HELP.UBER.COMCA,-30.95,6d4e95359ed203c706a8ba7ce88b7b681ef5dd0cc88415554655a457ec17ff19
BOA_CC_RedCard_3924,12/22/2025,UBER *TRIP HELP.UBER.COMCA,-20.6,963012be9c2000d4b929809ec2148d16eae7180862c25292faa8170cf123ba65
BOA_CC_RedCard_3924,12/15/2025,SP BOMBAS SHOP.BOMBAS.CNY,-48.36,97816884092c43e3b5f980d70ce1db2e76284a6dca7d4c2f8a955e396f5feb70
BOA_CC_RedCard_3924,06/09/2026,RIVERWARDS PRODUCE-BREAD PHILADELPHIA PA,-24.25,d10f5b1366859c19f3e44c2689bd2148d9728ab26671aaf2e88d930e98dd8429
BOA_CC_RedCard_3924,06/09/2026,CVS/PHARMACY #10526 PHILADELPHIA PA,-31.94,6958e7f010b874db06fe01cf47573da97c3286a179ae2adddd25350391e56b28
BOA_CC_RedCard_3924,06/09/2026,UBER *TRIP HELP.UBER.COMCA,-35.84,ece2d3d1c98734f0f854fd7a6f86d7d98a6c72a36b2a00f67991b48784ee3df8
BOA_CC_RedCard_3924,06/09/2026,UBER *TRIP HELP.UBER.COMCA,-8.52,b1130fd805ab52a752bfb9d092a508944dd62496fbea793b102aa10635763e0a
BOA_CC_RedCard_3924,06/09/2026,UBER TRIP* TRIP WWW.UBER.COM CA,-7.0,33b83a2f2027e6448d3679f7646410a941cd678c9cfe216fc61a74f16e764096
BOA_CC_RedCard_3924,06/08/2026,SQ *BLUESTONE LANE - 166 New York NY,-7.02,2f8cb4a9c75bcd15a0f2123dc3780d00edaba95b0e51af283a05b66ac5d64284
BOA_CC_RedCard_3924,06/08/2026,SQ *SGT. PEPPERONI'S PIZZgosq.com CA,-50.88,64f3498f2c2fa7600d67c3d258e14918f6a4c7b7fab8ae924b4c4d9744dae08c
BOA_CC_RedCard_3924,06/08/2026,SUNAC NATURAL NEW YORK NY,-0.34,ec9201cbd8ecef7c2461554284a379cff28f96670e5fd05ffb4d2d33d4397f5d
BOA_CC_RedCard_3924,06/08/2026,AMTRAK .COM 1560691579645WASHINGTON DC,-20.0,6a52cf8740df630ff38010884887f4699deebae3d0564d8dbb0fb4513273b097
BOA_CC_RedCard_3924,06/08/2026,AMTRAK .COM 1560618607974WASHINGTON DC,-104.0,369ab0e9ec4295e7006b7f3d0005a9597c4be10255ac102a708076199452b1df
BOA_CC_RedCard_3924,06/08/2026,TST* 230 FIFTH NEW YORK NY,-57.6,676ca9d5849d8dba6cb2230e6687432f416d6e8c2aec3faa57b1987ed3a70deb
BOA_CC_RedCard_3924,06/06/2026,TST*BANANAS New York NY,-16.72,936b20f50d0fb2a6a192c3673abc6f32348b26aeb2e23fc2e27aa895d2059a69
BOA_CC_RedCard_3924,06/05/2026,NJTRANSIT NWK INT AIR NEWARK NJ,-17.25,daf543e816e7735860ca2af635488da8d8f7d2613ce8814c416a8204d08d4216
BOA_CC_RedCard_3924,06/04/2026,SUPER IRVINE MARKET IRVINE CA,-69.12,ef6668f596ffa66c143b9131399711ebc24896d851cab64be5a1d42b3e312c4a
BOA_CC_RedCard_3924,06/04/2026,UNITED 0164701773744UNITED.COM TX,-50.0,173c6396114994805775cf4de06857e957068f3d1e1e54401e412f0685fc9fad
BOA_CC_RedCard_3924,06/01/2026,CHEWY.COM 800-672-4399 FL,-71.99,4fd1aa103115c56928fbbe0b5deca50ea2d4d88d76e608dd9eaa4b29551bc9f7
BOA_CC_RedCard_3924,05/30/2026,PAYMENT FROM CHK 3236 CONF#bl93kigb0,653.65,cf9f952a9fb91dc97f69bc125d140714a852d376682931a4b5910ad9402f1c64
BOA_CC_RedCard_3924,05/27/2026,TRADER JOE S #111 IRVINE CA,-70.81,58791cf0be452a7af1cf2cdb6bc836903ae66cbb758e0b379561144a258b81f4
BOA_CC_RedCard_3924,05/25/2026,TRADER JOE S #111 IRVINE CA,-103.56,553af154e0cf1f2c4760d6a246eebe2349eb17baefdb2974490b7c59370280e9
BOA_CC_RedCard_3924,05/18/2026,NORTHERN CAFE IRVINE NORTHERNCAFEICA,-54.84,1e9e99f1df96c19a9a3c0fde86bf20e47372f5a34424f80d0deb8a33155993ba
BOA_CC_RedCard_3924,05/18/2026,THE LOT FASHION ISLAND 949-281-0069 CA,-46.0,2aca29735af9526b406d3b11bcda034865db08bd834b8ff7bf3db6f3496ef330
BOA_CC_RedCard_3924,05/16/2026,TRADER JOE S #111 IRVINE CA,-86.81,885d992c68111c8807ac8b8e829d929da77a4aeccf1557a1c2a4237cef97f4ab
BOA_CC_RedCard_3924,05/16/2026,ALBERTSONS #0597 IRVINE CA,-31.93,25f4af79517941e9b54acff9121eacf4a5fc3106a12576e5ec6b392ed434f5a7
BOA_CC_RedCard_3924,05/15/2026,SJC CHAMBER OF COMMERC WWW.SANJUANCHCA,-100.0,8f711a6b1af1536d1493f99dd478f66d7251e2f48a5461f444eb5c86df71a7ba
BOA_CC_RedCard_3924,05/11/2026,PAYMENT - THANK YOU,534.61,278be824ac00e80c3928e70ee0bf9fbc7a4e6bafe4b08b56101aecb5a8c9681f
BOA_CC_RedCard_3924,05/11/2026,ALBERTSONS #0597 IRVINE CA,-44.0,00680518f5bc7f1e41fe4d48fd469130d4044b50b846cfb5a5bd0783199ea095
BOA_CC_RedCard_3924,05/11/2026,TRADER JOE S #111 IRVINE CA,-115.7,19165fe7dad026b68f5e416087ab19b8eb3e25d287b5ddf0eb429ee99697e17c
BOA_CC_RedCard_3924,03/07/2026,PAYMENT - THANK YOU,268.88,b1f77894bbf9d9752c97f197a8bd706413b5b34014ec4e6d8e2b7003140802f5
BOA_CC_RedCard_3924,03/03/2026,TARGET 00032334 IRVINE CA,-21.54,be3e4ef762cbf5c3536a51c1fb7866d7726db08ffbdc8513aee83ea34c566421
BOA_CC_RedCard_3924,03/03/2026,ADAFRUIT ELECTRONICS ADAFRUIT.COM NY,-219.84,52f6866e3348cb3010ee7a224d34ef99577b06a397cef4b272c5d7f0216e1567
BOA_CC_RedCard_3924,02/11/2026,FUNDRAISER* MILLIKAN H MONEYDOLLY.COMT,-27.5,641c195fb484fa2e2d39bbb3427ed41da677d5035d738ba15ac66e6d9fff5539
BOA_CC_RedCard_3924,05/06/2026,CHEWY.COM 800-672-4399 FL,-60.5,dcc6d9b3ff12995b8f7ba57caac04fbfc6eb9284bfdcc349439b34ce922d5f2d
BOA_CC_RedCard_3924,05/05/2026,MCDONALD'S F15291 SANTA ANA CA,-16.34,4b93f2323936dbc1963ccb0836a8f3eeac3afef0df1c3e3c6bebd657748062ca
BOA_CC_RedCard_3924,05/04/2026,SUPER IRVINE MARKET IRVINE CA,-98.5,ef7e29300b566d0dde0689d6585ce6ac4a1543b3d3c0828caaf9df39fc8e79b7
BOA_CC_RedCard_3924,05/02/2026,TRADER JOE S #111 IRVINE CA,-71.36,550b079fbf942e0fbdd14530d6aed5aa576158e261d0b6c0b210c4ef8880cbbd
BOA_CC_RedCard_3924,05/01/2026,CVS/PHARMACY #08869 IRVINE CA,-5.5,9d044fd37c792d73e1a74541b8a83feb992bbd24088bde7a34147803d032c077
BOA_CC_RedCard_3924,04/30/2026,SPROUTS FARMERS MAR IRVINE CA,-8.28,0096465abb5dbda2ca76d549970ad42298fb34e40b0ce7f35d2ec8f8f98f29e0
BOA_CC_RedCard_3924,04/27/2026,ALBERTSONS #0597 IRVINE CA,-36.91,127982e7330eedc181943a281dd114b5e4b5c26cb469f2f80a7c5c713ff5d0ca
BOA_CC_RedCard_3924,04/27/2026,TRADER JOE S #111 IRVINE CA,-115.16,79e90a8d005cf08cbccad53af67d06ca68f570b0fe0c33a8719b2c046c8cebd6
BOA_CC_RedCard_3924,04/22/2026,B&N MEMBERSHIP RENEWAL NEW YORK NY,27.44,fe891d0abd3d27462c6d175f1a5727151925767b439186a94d5a33131e00115e
BOA_CC_RedCard_3924,04/21/2026,AMC 9640 ONLINE 888-440-4262 KS,-32.96,b1fc80bf359836e0fa8c48baee8babeb25e4d267f58cdc5bfbab08816633f84e
BOA_CC_RedCard_3924,04/18/2026,SUPER IRVINE MARKET IRVINE CA,-89.1,c53f2a8c362ce04ca346cddb108f1cab2bed7afc81db440c65e50872faace5ef
BOA_CC_RedCard_3924,04/13/2026,B&N MEMBERSHIP RENEWAL 866-238-7323 NY,-27.44,80eeb7be3dbd7a54d12cce64b8100e29d7e318f5e7fced1439069609ea841b1c
BOA_CC_RedCard_3924,04/11/2026,PAYMENT - THANK YOU,209.99,f1ff7f4f731038d61c576eb8718a9d6ce742cff86ef924bee1c264b46690774d
BOA_Checking_3236,01/01/2026,Beginning balance as of 01/01/2026,0.0,8d9e04715c001ef3a2f4ef6f589b67c806bf6a6fff44f23a4a769c9b368b41a7
BOA_Checking_3236,01/02/2026,BKOFAMERICA MOBILE 01/02 3611924640 DEPOSIT *MOBILE CA,1500.0,44fa5b830868ce532de5bf44e9de5d798b91ae093e9aed5b174f92a8410061d5
BOA_Checking_3236,01/02/2026,BKOFAMERICA MOBILE 01/02 3663613745 DEPOSIT *MOBILE CA,1000.0,cc17381f36f11f18bd73720d90dbef7747651fffd06481376b7948c3f780da15
BOA_Checking_3236,01/02/2026,Online Banking payment to CRD 5511 Confirmation# 2529657305,-1690.7,a8f0be4b16a43e4637872a30491e7067b626547100cee2f45ec89a197526e7ad
BOA_Checking_3236,01/02/2026,Online Banking payment to CRD 3924 Confirmation# 1629661844,-127.93,f3142cabdcca471081c17636e9599ad620887386b019d46baaed9f02f698d2c5
BOA_Checking_3236,01/02/2026,Bank of America Credit Card Bill Payment,-1186.5,97bebad435d827c34898f9ffd1dd1f1e00ccc6531d517191a228b4d09c8f6276
BOA_Checking_3236,01/02/2026,SoCalGas DES:PAID SCGC ID:0723072301 INDN:301601474304163766 CO ID:6951240705 WEB,-21.56,03777aa107dad8f33bf924fe5a545071f5386a47b47456e7249f14484482d82e
BOA_Checking_3236,01/05/2026,CHASE CREDIT CRD DES:EPAY ID:9009943433 INDN:THOMAS J FICCADENTI CO ID:5760039224 WEB,-1384.72,9a4d084dd5001d2ac8465d5c3f1b46eaec240ec2868cfc59c3e8aedd5d074517
BOA_Checking_3236,01/06/2026,TURTLE ROCK MEAD DES:TURTLE ROC ID:ST-N6L6H7L7A0S5 INDN:THOMAS FICCADENTI CO ID:1800948598 WEB,-476.99,658da8d88afbe17fb66dde3205011455abd960486c21d5b95d0a79c86ee98e65
BOA_Checking_3236,01/08/2026,APPLE.COM/BILL 01/07 PURCHASE 866-712-7753 CA,-9.99,590c3a4f8572031cad73a8c24f98106b9ad50fd5f5928c429c29375aa9ba86f5
BOA_Checking_3236,01/09/2026,"HYUNDAI CAPITAL DES:PAYROLL ID:733063814760HCA INDN:FICCADENTI,THOMAS J CO ID:9111111101 PPD",2786.03,68b2580e04eb0d7edd6dcdcae8141e10ea3b09b5c0b74ec58d796d2c241e2ae3
BOA_Checking_3236,01/20/2026,SQ *OOBEO - DIAMOND PAR 01/17 PURCHASE gosq.com WA,-27.55,1a53bc05b5fd68756eb7fe232363a9dae615c5e4cbd0010e8dd6ed00be939746
BOA_Checking_3236,01/20/2026,TST* OSCAR'S MEXICAN SE 01/17 PURCHASE 858-603-8123 CA,-36.11,b5260ab5fce86457f5e0116e91ffb246a1a58da0e9889b95afe6616cb04ebd44
BOA_Checking_3236,01/20/2026,LAZ PARKING ECOMMERCE 01/17 PURCHASE 860-522-7641 CT,-25.0,dda56e184f30bcfdee3715a5b7352fae6b14def321baf2d6cbb05977d494624e
BOA_Checking_3236,01/21/2026,NYTIMES DISC* 01/20 PURCHASE 800-698-4637 NY,-4.0,2403ab9fd40477882fc7d27bb8501dff0700ff6f37fcaf4591bcfb3b81aa0793
BOA_Checking_3236,01/22/2026,APPLE.COM/BILL 01/21 PURCHASE 866-712-7753 CA,-18.99,48da50852b5188485d879f3e2334a5304a40248ca291fa11186992cc955167f2
BOA_Checking_3236,01/22/2026,WASTE MANAGEMENT DES:PAYMENT ID:000333557083000 INDN:Thomas Ficcadenti CO ID:9580653001 WEB PMT INFO:Log in to the MY WM Account Page for pay ment details.,-74.49,74a45b32db5fbbe92f53362fdc1868e71ba95656f5f39296932ad58d586fa1f9
BOA_Checking_3236,01/23/2026,"HYUNDAI CAPITAL DES:PAYROLL ID:648099065099HCA INDN:FICCADENTI,THOMAS J CO ID:9111111101 PPD",2776.79,7fb43c1e4fb1005428a34dac77432631b2c64b38f2695265d57426da0841d6fc
BOA_Checking_3236,01/26/2026,Online Banking transfer from CHK 2732 Confirmation# 8037468535,2500.0,9625fcf4432f30834b036d924b499437c3c0da04d5341be07970519fc50fdab1
BOA_Checking_3236,01/26/2026,GF DES:Genesis Fi ID:2516257823 INDN:THOMAS FICCADENTI CO ID:9200704262 PPD,-398.18,bfa0cb942c53f112d07a0ae2e8234b4fec85d7b8af3f97074b75a79a80c8531c
BOA_Checking_3236,01/26/2026,SO CAL EDISON CO DES:DIRECTPAY ID:701007081528 INDN:THOMAS FICCADENTI CO ID:0088778600 PPD,-98.83,609a0f648e3659823125db75279cf2fed28681ced1a2e4dd607e8d9d11125fdb
BOA_Checking_3236,01/29/2026,MORTGAGE SERV CT DES:MTG PAYMT ID:7911198708 INDN:THOMAS J FICCADENTI CO ID:4222195996 WEB,-4333.87,d588e5a914d911fe6818b7186a4788c2fa056c25d41354ba89559d13730c1cc3
BOA_Checking_3236,01/29/2026,IRVINE RANCH WAT DES:BILLPAY ID:IRVINE RANCH WA INDN:THOMAS FICCADENTI CO ID:0000000160 PPD,-65.03,168ca0c8cd8f3cc2b85a3ed2c15c37a9d593ef3faf37f9224f9997af04d4e560
BOA_Checking_3236,01/29/2026,SoCalGas DES:PAID SCGC ID:0723072301 INDN:301601474306842478 CO ID:6951240705 WEB,-26.75,61600239f4ffe1115011c941ab594e1a2cc50447172d3e2e9804b3a3c457c75e
BOA_Checking_3236,02/02/2026,BANK OF AMERICA CREDIT CARD Bill Payment,-2681.33,27dcd196029dd24a8c3d836d46804d94ce988a829fd6edbfa777b1dced2f1f38
BOA_Checking_3236,02/02/2026,CHASE CREDIT CRD DES:EPAY ID:9086796817 INDN:THOMAS J FICCADENTI CO ID:5760039224 WEB,-691.52,7465fa41ad373fd5e63ef3b8d39c167086e22bd12820bcfdc8b0c25a68c38a37
BOA_Checking_3236,02/06/2026,"HYUNDAI CAPITAL DES:PAYROLL ID:685081505191HCA INDN:FICCADENTI,THOMAS J CO ID:9111111101 PPD",2786.04,34e7b40386dda4d750f79f54ef7da71ceb2b3a947394aeb12ca6935c8a7ab7b2
BOA_Checking_3236,02/06/2026,TURTLE ROCK MEAD DES:TURTLE ROC ID:ST-K6K4F9K0V6H0 INDN:THOMAS FICCADENTI CO ID:1800948598 WEB,-476.99,9c70e8700f2408af7fb61a34d357b99364b1b6d48c2972b22a7422586fde50d7
BOA_Checking_3236,02/09/2026,VENMO DES:CASHOUT ID:1048115033050 INDN:TOM FICCADENTI CO ID:5264681992 PPD,666.06,05c554ad183bd39fdea50e146cf75852cdaadb85ee43aee0d3b0c666f2a9bf3c
BOA_Checking_3236,02/18/2026,NYTIMES DISC* 02/17 PURCHASE 800-698-4637 NY,-4.0,a990ff613a255edb80e09ac04636da936bc42c8be1b9d5d387fd642f53286711
BOA_Checking_3236,02/20/2026,"HYUNDAI CAPITAL DES:PAYROLL ID:939239465714HCA INDN:FICCADENTI,THOMAS J CO ID:9111111101 PPD",2786.03,b703f7027df496f430a5d68fc9f720bb6a22115c16980fa04651e434a2e7626e
BOA_Checking_3236,02/20/2026,Online Banking transfer from CHK 2732 Confirmation# 8061817329,2500.0,8c5e366fd0211f81f94525ff547f4dfdea478a53485f22b57fbd250df85aabf9
BOA_Checking_3236,02/23/2026,APPLE.COM/BILL 02/21 PURCHASE 866-712-7753 CA,-37.98,6dbb04bcccf23effdad840c85637c425431c40a1fbf77fde1daaec09996e1525
BOA_Checking_3236,02/23/2026,CHASE CREDIT CRD DES:EPAY ID:9142577640 INDN:THOMAS J FICCADENTI CO ID:5760039224 WEB,-2.99,3f987434f05ca1080fa90ca7fd01d844d24339994a749bec5e4f54eda008a67c
BOA_Checking_3236,02/24/2026,MORTGAGE SERV CT DES:MTG PAYMT ID:7911198708 INDN:THOMAS J FICCADENTI CO ID:4222195996 WEB,-4333.87,aab13ebb5ce650b45e00aa6ec1375ca9855cf51c1efbf0ac58555d8d9d1da46f
BOA_Checking_3236,02/24/2026,SO CAL EDISON CO DES:DIRECTPAY ID:701007081528 INDN:THOMAS FICCADENTI CO ID:0088778600 PPD,-101.84,60e84eb100ffb95834c9e3569653b86d0f375aca2be695d7277ed38b25410b9d
BOA_Checking_3236,02/24/2026,WASTE MANAGEMENT DES:PAYMENT ID:000333557083000 INDN:Thomas Ficcadenti CO ID:9580653001 WEB PMT INFO:Log in to the MY WM Account Page for pay ment details.,-22.09,23059c223c63e80f99b62394d6cd152701bb85267fb49bcc0652032c9e41b8df
BOA_Checking_3236,02/26/2026,APPLE.COM/BILL 02/25 PURCHASE 866-712-7753 CA,-50.98,2ab527009400bc488c9585efc904558d8f5ed056254c13eee72073d63ad86060
BOA_Checking_3236,02/26/2026,GF DES:Genesis Fi ID:2516257823 INDN:THOMAS FICCADENTI CO ID:9200704262 PPD,-398.18,afc8b4bc2bf80ad8da11cc3fa8380c748722c2767de3d4c97ec466563ab07f59
BOA_Checking_3236,02/27/2026,IRVINE RANCH WAT DES:BILLPAY ID:IRVINE RANCH WA INDN:THOMAS FICCADENTI CO ID:0000000160 PPD,-56.38,70f8e2145b91cf52b3504ace7bcd923312e1628ee07307d145c22ea6cbc28dd5
BOA_Checking_3236,02/27/2026,SoCalGas DES:PAID SCGC ID:0723072301 INDN:301601474309788483 CO ID:6951240705 WEB,-24.03,687404988629a63416e90a40b867d79c9c096d9932e7850a6a2c469bb50c07b3
BOA_Checking_3236,03/02/2026,VENMO DES:PAYMENT ID:1048633097139 INDN:TOM FICCADENTI CO ID:3264681992 WEB,-12.0,2a54f0c7b8b6707a819dfd066c31bf832063784c035d542d4cb1b99e5dc82cc9
BOA_Checking_3236,03/06/2026,"HYUNDAI CAPITAL DES:PAYROLL ID:940638762785HCA INDN:FICCADENTI,THOMAS J CO ID:9111111101 PPD",15456.36,cf80fca862abdcd754ea5dc68e39599b89bdd02e348a914704474b802628cd9e
BOA_Checking_3236,03/06/2026,"HYUNDAI CAPITAL DES:PAYROLL ID:940638762784HCA INDN:FICCADENTI,THOMAS J CO ID:9111111101 PPD",2962.22,5a833aa943d49df0b8c022aeda3c199fe12d32fa820466227af279edef2fa3ea
BOA_Checking_3236,03/06/2026,TURTLE ROCK MEAD DES:TURTLE ROC ID:ST-B8Q5R8Y7T1X3 INDN:THOMAS FICCADENTI CO ID:1800948598 WEB,-476.99,7335206ea18c51f1b033eea9d2be73952a22a1b15ef32c8776fd2e1d4d6df2f9
BOA_Checking_3236,03/09/2026,Bank of America Credit Card Bill Payment,-1302.94,93c82f7166563c44aef07509fc392923e716022609354e3eee42caafa8d13da5
BOA_Checking_3236,03/09/2026,Bank of America Credit Card Bill Payment,-268.88,05dc70a26e54f0df6c929b762ac816b074e7e91e20182977cbd04ef8e97cbf48
BOA_Checking_3236,03/12/2026,BANK OF AMERICA CREDIT CARD Bill Payment,-65.18,cf6629ef3810c94710d72ee3b454fab9d02269a58fbcae0deee5a82cd53b58dc
BOA_Checking_3236,03/13/2026,CHASE CREDIT CRD DES:EPAY ID:9195243057 INDN:THOMAS J FICCADENTI CO ID:5760039224 WEB,-217.87,173c579858e24f5f56fc208ddee9ce0f74f70c6aad8a4eda88d99007a842f621
BOA_Checking_3236,03/18/2026,NYTIMES DISC* 03/17 PURCHASE 800-698-4637 NY,-4.0,40c9ff2db7093236157c944e1050930e71e01ab36ed85df084fa53a4f8347fbe
BOA_Checking_3236,03/20/2026,"HYUNDAI CAPITAL DES:PAYROLL ID:732065876322HCA INDN:FICCADENTI,THOMAS J CO ID:9111111101 PPD",2900.13,df87b0ff98df8fb11e5788cb23698d808b231d6346914bfb0eb2d6d205e87346
BOA_Checking_3236,03/23/2026,Online Banking transfer from CHK 2732 Confirmation# 8519568501,2500.0,fc14d1627262eaf27709be803f72720cf5121096704690890f1753334a8e21d8
BOA_Checking_3236,03/23/2026,APPLE.COM/BILL 03/19 PURCHASE 866-712-7753 CA,-27.98,7050aaf08afee6d55b2d4fc5354d9b369f736a69a759c9b808085531d12b5b06
BOA_Checking_3236,03/23/2026,BANK OF AMERICA CREDIT CARD Bill Payment,-621.47,1e1fa4c32ca204a5b066d9df4b111f6cbaf66465ec9ccd193e6db6733f1a20f4
BOA_Checking_3236,03/23/2026,BANK OF AMERICA CREDIT CARD Bill Payment,-116.04,abd39116721f27b8817b2cd7b7cec7d387127831750bc9c11631f69ad1d57eea
BOA_Checking_3236,03/23/2026,VENMO DES:PAYMENT ID:1049086035482 INDN:TOM FICCADENTI CO ID:3264681992 WEB,-22.0,a7e0defbe656e857891aec6f147d2421668b2378134608bacf162898506f042a
BOA_Checking_3236,03/24/2026,Valley Bank DES:Funding ID: INDN:Thomas Ficcadenti CO ID:7021201383 WEB,-35000.0,a25d96ebbee83ff366795652b6227a08e60ccaa304a0eb49dcc138630e67dd1a
BOA_Checking_3236,03/24/2026,VARO BANK NA DES:VARO TRSFR ID: INDN:Thomas Ficcadenti CO ID:1243032019 WEB,-10000.0,3a06e14e32195a4bf8b927eded4a95095aa39031936ae55ad5ed299c00867aeb
BOA_Checking_3236,03/24/2026,CHASE CREDIT CRD DES:EPAY ID:9224800692 INDN:THOMAS J FICCADENTI CO ID:5760039224 WEB,-336.35,0599006246d7ea39802572929abd2ced9e2dbc8755334273466fce273e3e6d19
BOA_Checking_3236,03/25/2026,SO CAL EDISON CO DES:DIRECTPAY ID:701007081528 INDN:THOMAS FICCADENTI CO ID:0088778600 PPD,-102.05,eb58112611dc3a5335947967e327e2920e1bf4769b52dfaded6354e61b52fae0
BOA_Checking_3236,03/26/2026,GF DES:Genesis Fi ID:2516257823 INDN:THOMAS FICCADENTI CO ID:9200704262 PPD,-398.18,81deeb3adf8476abe0be89a549a4d7403768d90ca4b25e2989ec5a24efce1eb0
BOA_Checking_3236,03/27/2026,IRVINE RANCH WAT DES:BILLPAY ID:IRVINE RANCH WA INDN:THOMAS FICCADENTI CO ID:0000000160 PPD,-52.58,06b8513ae1e8f2165a06f6e58e18f5542808d3d2df33dffee3ba8510d5082af7
BOA_Checking_3236,03/30/2026,SoCalGas DES:PAID SCGC ID:0723072301 INDN:301601474312750916 CO ID:6951240705 WEB,-42.08,d939b32763f2853252ca998436cbda4a2aba8230c568a17b612b37b0eb5b581e
BOA_Checking_3236,03/31/2026,Bank of America Credit Card Bill Payment,-149.71,53f4f2cb5427f46904c69f65b904189a98643c6fdf67d346e84eac3d870ffddc
BOA_Checking_3236,04/01/2026,TRANSFER THOMAS J FICCADENTI :THOMAS FICCADENTI Confirmation# 0304447759,-15000.0,302b03282eea64693194a265308f7941b8c358fb251b6cbad08f972cfbe5c4cb
BOA_Checking_3236,04/01/2026,MORTGAGE SERV CT DES:MTG PAYMT ID:7911198708 INDN:THOMAS J FICCADENTI CO ID:4222195996 WEB,-4333.87,dc776ca33e924e8d0c4ad0f6ca6b22f8acec4333f7df75cc64db7df4d7f0521f
BOA_Checking_3236,04/02/2026,Bank of America DES:CASHREWARD ID:FICCADENTI INDN:0000000400577718000000 CO ID:2002290310 PPD,34.13,0c48822d80c7fda6379d5a45bf90b386b037ac410d34ec1113b369dfad5026fd
BOA_Checking_3236,04/03/2026,"HYUNDAI CAPITAL DES:PAYROLL ID:577075639796HCA INDN:FICCADENTI,THOMAS J CO ID:9111111101 PPD",2715.25,efa1ee423ea26c0075b319779036a991c9404e7ccdcbb72a4752a8d4de3ce4c2
BOA_Checking_3236,04/06/2026,TURTLE ROCK MEAD DES:TURTLE ROC ID:ST-D4G4G8T2D3T9 INDN:THOMAS FICCADENTI CO ID:1800948598 WEB,-476.99,2cdff20c88c74365512536f5059e358bfcfae9e724d95a565e007d5cb287060d
BOA_Checking_3236,04/07/2026,SHELL SERVICE 04/07 PURCHASE IRVINE CA,-108.98,e4013ffd00297f0fecc888318c41abb3e31bc073ecef3a674983328d04881bae
BOA_Checking_3236,04/09/2026,BKOFAMERICA MOBILE 04/09 3667285526 DEPOSIT *MOBILE CA,10006.09,ed3e868c6cbd1a793f64a539eacf4f500301e86ad75606b45f2f487f4fa9bf10
BOA_Checking_3236,04/10/2026,BANK OF AMERICA CREDIT CARD Bill Payment,-923.96,6159456082dfe314602c1c1ed0031909c7791439029fa233a345969658d0cadf
BOA_Checking_3236,04/13/2026,BANK OF AMERICA CREDIT CARD Bill Payment,-209.99,a4d8811c9d88447fcd2911c466f7bc5a5a24fe9cfbd61f84092059452f242e20
BOA_Checking_3236,04/15/2026,NYTIMES DISC* 04/14 PURCHASE 800-698-4637 NY,-4.0,84c36028c5cfac09e7b85f8b21b705f2b0e65c2ee3935eeb6b5d031988573530
BOA_Checking_3236,04/16/2026,Online Banking transfer from CHK 2732 Confirmation# 8035596218,2500.0,5fc541918b2bea611dada4e5b4305618cc00dea3339e0de1b7b5aac44002c88a
BOA_Checking_3236,04/17/2026,"HYUNDAI CAPITAL DES:PAYROLL ID:718103562113HCA INDN:FICCADENTI,THOMAS J CO ID:9111111101 PPD",2715.25,bcaaa62867129457096de84a22ffe866533216e05b84c4ab0af974631f999a90
BOA_Checking_3236,04/20/2026,TRANSFER THOMAS J FICCADENTI :THOMAS FICCADENTI Confirmation# 2568497767,-13000.0,ac945f6d873f02f9c31218776b974b9bb2c2c530b23f30ac8c7464506a65f571
BOA_Checking_3236,04/20/2026,CHASE CREDIT CRD DES:EPAY ID:9300124375 INDN:THOMAS J FICCADENTI CO ID:5760039224 WEB,-557.89,4e91068333a42f55e47aee240faa8979427e74740f9a2714a69b9a79c1e7ce33
BOA_Checking_3236,04/22/2026,WASTE MANAGEMENT DES:PAYMENT ID:000333557083000 INDN:Thomas Ficcadenti CO ID:9580653001 WEB PMT INFO:Log in to the MY WM Account Page for pay ment details.,-69.78,7c09308bf1ac259cbfb0147adc92fe8afa4dabe04ff682b7e91ae7089d5cd295
BOA_Checking_3236,04/23/2026,APPLE.COM/BILL 04/22 PURCHASE 866-712-7753 CA,-18.99,9e914904790e903f1ae7e9574636396aefc6025e0d03ed925b1efe4bb1962caa
BOA_Checking_3236,04/23/2026,COUNTY OF ORANGE DES:INTERNET ID:043000093202828 INDN:Ficcadenti Thomas CO ID:9956000928 WEB,-6401.86,74390681cd853100075990782677becf02dfcbcd1e802dba48376fc6bc1d427d
BOA_Checking_3236,04/24/2026,VLYBK SV WEBXFR DES:ETRANSFER ID:THOMAS FICCADEN INDN:THOMAS FICCADENTI CO ID:1770527921 WEB,7000.0,567db96bc0558c291136cff4c8c089a24a5470415ba5263a565505a64e12698c
BOA_Checking_3236,04/27/2026,BANK OF AMERICA CREDIT CARD Bill Payment,-1129.46,ec08a5b31e14aca51343f870d66ee48bb472f380182097f39936423d59262d80
BOA_Checking_3236,04/27/2026,GF DES:Genesis Fi ID:2516257823 INDN:THOMAS FICCADENTI CO ID:9200704262 PPD,-398.18,6bcf298c9529a0f47cd279097046cd00b1af6d16e8a6321bf5d2a47305151d34
BOA_Checking_3236,04/27/2026,CHASE CREDIT CRD DES:EPAY ID:9317916035 INDN:THOMAS J FICCADENTI CO ID:5760039224 WEB,-189.44,e6a3802315374ee82fb346ad1cf7f03589fee3bf19cf144265c211a1eff24491
BOA_Checking_3236,04/27/2026,SO CAL EDISON CO DES:DIRECTPAY ID:701007081528 INDN:THOMAS FICCADENTI CO ID:0088778600 PPD,-99.29,52d70de5f47fd3d4dda49315aa43cfd19d335a13f9b88a4ffc0631fa9966836b
BOA_Checking_3236,04/28/2026,IRVINE RANCH WAT DES:BILLPAY ID:IRVINE RANCH WA INDN:THOMAS FICCADENTI CO ID:0000000160 PPD,-60.18,f178487c24146e7547736c9908cbcc0e47393c0c0e930b7dead2ec50e28253e7
BOA_Checking_3236,05/01/2026,"HYUNDAI CAPITAL DES:PAYROLL ID:934041602192HCA INDN:FICCADENTI,THOMAS J CO ID:9111111101 PPD",2674.66,ae5d8dcb98b1478227cb565b9004792407cf8a2cf4756a1ba8437dee6be5b690
BOA_Checking_3236,05/06/2026,TURTLE ROCK MEAD DES:TURTLE ROC ID:ST-W5Z6D3J4V3Z2 INDN:THOMAS FICCADENTI CO ID:1800948598 WEB,-476.99,154d0646e8ed589989db365bcbdc6e332569361fe3217fbdea46e3855a3fd517
BOA_Checking_3236,05/11/2026,BANK OF AMERICA CREDIT CARD Bill Payment,-534.61,ced81ab01a2467f1cfc566c87ad0e407b657ec1f5a4cf2bb9ba5d7681e239729
BOA_Checking_3236,05/11/2026,BANK OF AMERICA CREDIT CARD Bill Payment,-381.83,a4c9166ee662005aa38f8e0366ea6017a3aebf57a9d545f08ce7c84a28e20944
BOA_Checking_3236,05/13/2026,Online Banking transfer from CHK 2732 Confirmation# 7668265348,2500.0,1a152e7d4a578df819eed61cdfbbf0819a9e17e57a699c9b8db52a8d27a612ac
BOA_Checking_3236,05/13/2026,NYTIMES DISC* 05/12 PURCHASE 800-698-4637 NY,-4.0,a0ed053d49cbc6a3837410df1b7c586d3c6059c89c8fc0557cc0ff3ae4ea9b23
BOA_Checking_3236,05/15/2026,"HYUNDAI CAPITAL DES:PAYROLL ID:735078282040HCA INDN:FICCADENTI,THOMAS J CO ID:9111111101 PPD",2674.67,5631ced9740179e29515ead94d5b5e26348d5e395aba22823b371e85cfed08bd
BOA_Checking_3236,05/15/2026,MORTGAGE SERV CT DES:MTG PAYMT ID:7911198708 INDN:THOMAS J FICCADENTI CO ID:4222195996 WEB,-4333.87,5f2dcce7011751f9f5218e4088aeb76995ddd221d843e20767f1cded85742b72
BOA_Checking_3236,05/26/2026,APPLE.COM/BILL 05/22 PURCHASE 866-712-7753 CA,-20.99,c42aea3e20f0b634f8c202e31c8cb17f1d5dcb240d4c3a101d8e6e4beb1af5ef
BOA_Checking_3236,05/26/2026,GF DES:Genesis Fi ID:2516257823 INDN:THOMAS FICCADENTI CO ID:9200704262 PPD,-398.18,86e83ee11a00c1f5f57a203e96aaa401c36260e2eaf3e582c99cb412051016e2
BOA_Checking_3236,05/26/2026,SO CAL EDISON CO DES:DIRECTPAY ID:701007081528 INDN:THOMAS FICCADENTI CO ID:0088778600 PPD,-97.86,d89b49ba327e6b62e6321551bd3b253233f255a96b13e327ab68c25c7a502366
BOA_Checking_3236,05/27/2026,BANK OF AMERICA DES:P2P ID:HILDA E SOUKI INDN:THOMAS FICCADENTI CO ID:T941687665 WEB,10.0,6d1528f8229cb0f0aea9db4cc271af736fc143652b39238642450ebc2fcb3262
BOA_Checking_3236,05/28/2026,IRVINE RANCH WAT DES:BILLPAY ID:IRVINE RANCH WA INDN:THOMAS FICCADENTI CO ID:0000000160 PPD,-61.57,7266cb2107cf6d92c761d06db45d1f0bb92b3fa0609aa9d68e11ca1f70564331
BOA_Checking_3236,05/28/2026,VENMO DES:PAYMENT ID:1050563699264 INDN:TOM FICCADENTI CO ID:3264681992 WEB,-27.0,762a6259a9faf4dd3564af7bd7b4dafa15506ae0e46950789f5ab44e20e69e95
BOA_Checking_3236,05/28/2026,SoCalGas DES:PAID SCGC ID:0723072301 INDN:301601474316858864 CO ID:6951240705 WEB,-0.54,164c780577385335803d2de67dc1c1272730381c31773a85fe3bfe8c78b2e7b2
BOA_Checking_3236,05/29/2026,"HYUNDAI CAPITAL DES:PAYROLL ID:665084179178HCA INDN:FICCADENTI,THOMAS J CO ID:9111111101 PPD",2674.67,6432fdb0f935b7b44d8c1a7a7c6ac18391a97116cf0e53ed058d9117ccf00366
BOA_Checking_3236,06/01/2026,Bank of America DES:CASHREWARD ID:FICCADENTI INDN:0000000400577718000000 CO ID:2002290310 PPD,32.5,7a8b77b1108bf1e77c5df3d6bf7a959410de10324f2b74c47c9228097a18b80f
BOA_Checking_3236,06/01/2026,Mobile Banking payment to CRD 5511 Confirmation# 1kvyab8xl,-3122.01,f8817a1230208e5400f02ddbe2a8b2b1b0290d698ae231574ff29c485e9a0003
BOA_Checking_3236,06/01/2026,Mobile Banking payment to CRD 3924 Confirmation# bl93kigb0,-653.65,08facfd91410eb7775fb67ab66e44dbb5563d9fc78fdd02577d217a7b02f6c67
BOA_Checking_3236,06/01/2026,CHASE CREDIT CRD DES:EPAY ID:9411596819 INDN:THOMAS J FICCADENTI CO ID:5760039224 WEB,-294.64,59e982c4450b19ae74d1d9ead56039c7cfe6f59fe46674dc0f4af038e3a27e36
BOA_Checking_3236,06/03/2026,VLYBK SV WEBXFR DES:ETRANSFER ID:THOMAS FICCADEN INDN:THOMAS FICCADENTI CO ID:1770527921 WEB,8000.0,1cd7eaa3ffe9f7321abd031095058d94e875d6e969d1a549b91a85948bff4388
BOA_Checking_3236,06/08/2026,TURTLE ROCK MEAD DES:TURTLE ROC ID:ST-T5G7A6X6M0A6 INDN:THOMAS FICCADENTI CO ID:4270465600 WEB,-522.99,be321cd96ab8bef1b5b7c037b51546e8631dd1eb0c6c8688c5651cfa00a34296
BOA_Checking_3236,06/08/2026,VENMO DES:PAYMENT ID:1050822248326 INDN:TOM FICCADENTI CO ID:3264681992 WEB,-44.0,2040b15c5a36ae839287f459d4e9e6e8c3b6b9bead3fda869b6b11c730be5914
BOA_Checking_3236,06/08/2026,VENMO DES:PAYMENT ID:1050800647651 INDN:TOM FICCADENTI CO ID:3264681992 WEB,-19.47,197c72d564c70c0b1fa3575caa29cd6e189b96cba9abdb990f567af4e79634e0
BOA_Checking_3236,06/09/2026,US TREASURY IRS DES:PAYMENT CHECK #:0103 INDN:PJPM36261590054491 CO ID:2009090036 ARC,-4169.0,0eb8b1665798af4faa2c45046159ff46d13eb9577955c2ec30f650bc4a0b0937
BOA_Checking_3236,06/10/2026,SEPTA 8PCAEZ9OFLGK 06/09 MOBILE PURCHASE Philadelphia PA,-2.9,4c51134d4e23c446d368b1dc72a0d30c5b80a035978928d376d6f97b753bab4f
BOA_Checking_3236,06/10/2026,NYTIMES DISC* 06/09 PURCHASE 800-698-4637 NY,-4.0,370f711c1ee4bd5e7263f40dd7fc9aa6477bb7d3f8fd47e467183a7fe500975e
BOA_Checking_3236,06/10/2026,Mobile Banking payment to CRD 5511 Confirmation# qnwopeany,-300.63,d8432159b0cb274989dd85499854da5958e010326e5a5e7db039d1b89be68447
BOA_Checking_3236,06/10/2026,Mobile Banking payment to CRD 3924 Confirmation# pixctl8cd,-572.47,7b016a0459b8287cdb6808ae78b2640e4d4bfaa85122ae8e893be6fec33c3338
BOA_Checking_3236,06/10/2026,BANK OF AMERICA CREDIT CARD Bill Payment,-300.63,4011c046491cf088eef036c956fcb6d8fb7844a155c099c85882e6bebd9e16b0
BOA_Checking_3236,06/11/2026,SEPTA 8PCAEZ9OG5S3 06/10 MOBILE PURCHASE Philadelphia PA,-12.9,e14a813c6d931ec7ebed17d6deadea4149f5281f0fcae70c343b50adc56cdb15
BOA_Checking_3236,06/11/2026,BANK OF AMERICA CREDIT CARD Bill Payment,-572.47,7ccdc6707d1b93494fabd0506b85c688ec328334145da608e9659ec2ee8d00c3
BOA_Checking_3236,06/12/2026,VLYBK SV WEBXFR DES:ETRANSFER ID:THOMAS FICCADEN INDN:THOMAS FICCADENTI CO ID:1770527921 WEB,16200.0,fd1f7af4ee9d415e337bf9dea8b0b6c6e4d9dbc1769cc607c10a68438db51193
BOA_Checking_3236,06/12/2026,"HYUNDAI CAPITAL DES:PAYROLL ID:928843488264HCA INDN:FICCADENTI,THOMAS J CO ID:9111111101 PPD",2674.68,35b985f4ff3f023bdc247ec6a7cdcb2613132fae5c6e1129e5e824f1d1045649
BOA_Checking_3236,06/12/2026,VLYBK SV WEBXFR DES:ETRANSFER ID:THOMAS FICCADEN INDN:THOMAS FICCADENTI CO ID:1770527921 WEB,1800.0,496dcd68441054cb2672cdc2a2a36d7519b470ef0440f6c93487806806810919
BOA_Checking_3236,06/15/2026,Online Banking transfer from CHK 2732 Confirmation# 8338462387,2500.0,b60dceef4ec921f09bdaa72e54568003e570fa6db31c15493ac0606cb80cfa9d
BOA_Checking_3236,06/15/2026,MORTGAGE SERV CT DES:MTG PAYMT ID:7911198708 INDN:THOMAS J FICCADENTI CO ID:4222195996 WEB,-4333.87,bbb882b66aea54786e270f65fdb4f6fa03b9b510d50204c68a894b674b5179ca
BOA_Checking_3236,06/22/2026,Check 102,-3100.0,a92a9118a8bb92f6e681d93e12b1ee62e54b40726d1c2615beebe0bd159e430d
BOA_Checking_3236,06/23/2026,APPLE.COM/BILL 06/22 PURCHASE 866-712-7753 CA,-20.99,ab7a33ff4ffe3b8206bc1419602ab64415997b1819e0e8145576cc6f19ee0c2d
BOA_Checking_3236,06/24/2026,SO CAL EDISON CO DES:DIRECTPAY ID:701007081528 INDN:THOMAS FICCADENTI CO ID:0088778600 PPD,-93.7,e7fa7b12145e732edff062956f7d99920dfd13b7eb320c99fb967cf012b30339
BOA_Checking_3236,06/25/2026,BKOFAMERICA MOBILE 06/25 3807139855 DEPOSIT *MOBILE CA,100.0,ec786c67f4ef8166f027d47f1e97fcfd80992e95b41aa8210e40013e27b575a9
BOA_Checking_3236,06/25/2026,APPLE.COM/US 06/22 PURCHASE 800-692-7753 CA,-1641.72,54edbff5684926cc8eaf567c06f8629b02dcd51d032607b3d757f5e7e542e916
BOA_Checking_3236,06/26/2026,"HYUNDAI CAPITAL DES:PAYROLL ID:619077112227HCA INDN:FICCADENTI,THOMAS J CO ID:9111111101 PPD",2674.64,90a460362e424d95902fe8d9433daeb23f76dabe71f951fb51f130b6f4758d3e
BOA_Checking_3236,06/26/2026,GF DES:Genesis Fi ID:2516257823 INDN:THOMAS FICCADENTI CO ID:9200704262 PPD,-398.18,c4b09e21fe5b0ee88ddc1c040163c6047e3461a865e12de018cab728c17d4a86
BOA_Checking_3236,06/26/2026,IRVINE RANCH WAT DES:BILLPAY ID:IRVINE RANCH WA INDN:THOMAS FICCADENTI CO ID:0000000160 PPD,-56.38,28e3b7d21ee41eb7992584bb6b5b43516b2ba46e00ecb02f4772b0694f78c9ca
ValleyHYS_8300,06/10/2026,BKOFAM CK WEBXFR ETRANSFER 260610,-16200.0,f0332ba16696fbc1fb1b69d34ca5d9cc1cbcfde3b44f7693a86fd06c8c861019
ValleyHYS_8300,06/10/2026,BKOFAM CK WEBXFR ETRANSFER 260610,-1800.0,4c935462d03a63e3743a712d94358b1d4e821fd63b390cc00ca4a46619dfb2ea
ValleyHYS_8300,06/01/2026,BKOFAM CK WEBXFR ETRANSFER 260601,-8000.0,993222074ada5c0c55166cb94e0d5b176cfa49c5eb687e83085a0103e788d3d3
ValleyHYS_8300,05/31/2026,,93.8,28322ac7756a8e5bef609ca0c2d5a5400ddb5c82e236ce8f564785c9221ac301
ValleyHYS_8300,04/30/2026,,106.25,fd36e3814723369dbad9ba38cbccf92b4a9f36cb71e8084fe7e6d69ad195ded2
ValleyHYS_8300,04/22/2026,BKOFAM CK WEBXFR ETRANSFER 260422,-7000.0,b7874f7a828b7efb833ce578df0cc7efa0f20584e4a2a3f27c0278f38c010f40
ValleyHYS_8300,03/31/2026,,22.56,4335add14265cb77d95168c1bd6347e6ee9a25ae01f8aa03607c58d00d18cdb2
ValleyHYS_8300,03/26/2026,Valley Bank Funding 260326,35000.0,59d7e59ecf392cbb9aedaa3d1405cb240c894fda03b43dd007c17123ad2dd6de
